Year,Month,NHSER20NM,Treatment Function Name,Total waiting > 52 weeks,Total waiting > 18 weeks
2019,Dec,East of England,Cardiology,16,4115
2019,Dec,East of England,Cardiothoracic Surgery,0,483
2019,Dec,East of England,Dermatology,3,9419
2019,Dec,East of England,"Ear, Nose & Throat (ENT)",35,8919
2019,Dec,East of England,Gastroenterology,20,4651
2019,Dec,East of England,General Medicine,9,922
2019,Dec,East of England,General Surgery,60,11721
2019,Dec,East of England,Geriatric Medicine,0,144
2019,Dec,East of England,Gynaecology,30,8501
2019,Dec,East of England,Neurology,5,3444
2019,Dec,East of England,Neurosurgery,0,220
2019,Dec,East of England,Ophthalmology,14,13558
2019,Dec,East of England,Oral Surgery,67,7404
2019,Dec,East of England,Other,43,16698
2019,Dec,East of England,Plastic Surgery,1,1894
2019,Dec,East of England,Rheumatology,0,1890
2019,Dec,East of England,Thoracic Medicine,4,2051
2019,Dec,East of England,Total,580,130739
2019,Dec,East of England,Trauma & Orthopaedics,179,24947
2019,Dec,East of England,Urology,94,9758
2019,Dec,London,Cardiology,28,8252
2019,Dec,London,Cardiothoracic Surgery,3,376
2019,Dec,London,Dermatology,17,7803
2019,Dec,London,"Ear, Nose & Throat (ENT)",43,17489
2019,Dec,London,Gastroenterology,46,7664
2019,Dec,London,General Medicine,3,646
2019,Dec,London,General Surgery,138,18534
2019,Dec,London,Geriatric Medicine,3,221
2019,Dec,London,Gynaecology,79,14993
2019,Dec,London,Neurology,10,6830
2019,Dec,London,Neurosurgery,12,3115
2019,Dec,London,Ophthalmology,64,14054
2019,Dec,London,Oral Surgery,37,9309
2019,Dec,London,Other,384,55468
2019,Dec,London,Plastic Surgery,14,3160
2019,Dec,London,Rheumatology,6,3538
2019,Dec,London,Thoracic Medicine,25,2944
2019,Dec,London,Total,1293,209735
2019,Dec,London,Trauma & Orthopaedics,347,25162
2019,Dec,London,Urology,34,10177
2019,Dec,Midlands,Cardiology,1,8233
2019,Dec,Midlands,Cardiothoracic Surgery,0,235
2019,Dec,Midlands,Dermatology,2,10843
2019,Dec,Midlands,"Ear, Nose & Throat (ENT)",2,14585
2019,Dec,Midlands,Gastroenterology,4,7629
2019,Dec,Midlands,General Medicine,1,832
2019,Dec,Midlands,General Surgery,12,17538
2019,Dec,Midlands,Geriatric Medicine,0,282
2019,Dec,Midlands,Gynaecology,0,10545
2019,Dec,Midlands,Neurology,2,7168
2019,Dec,Midlands,Neurosurgery,1,2427
2019,Dec,Midlands,Ophthalmology,2,24399
2019,Dec,Midlands,Oral Surgery,0,8748
2019,Dec,Midlands,Other,12,31737
2019,Dec,Midlands,Plastic Surgery,1,2302
2019,Dec,Midlands,Rheumatology,0,2825
2019,Dec,Midlands,Thoracic Medicine,7,4860
2019,Dec,Midlands,Total,337,199141
2019,Dec,Midlands,Trauma & Orthopaedics,286,29816
2019,Dec,Midlands,Urology,4,14137
2019,Dec,North East and Yorkshire,Cardiology,6,6309
2019,Dec,North East and Yorkshire,Cardiothoracic Surgery,0,248
2019,Dec,North East and Yorkshire,Dermatology,1,5334
2019,Dec,North East and Yorkshire,"Ear, Nose & Throat (ENT)",19,15490
2019,Dec,North East and Yorkshire,Gastroenterology,9,4125
2019,Dec,North East and Yorkshire,General Medicine,4,970
2019,Dec,North East and Yorkshire,General Surgery,21,13694
2019,Dec,North East and Yorkshire,Geriatric Medicine,0,312
2019,Dec,North East and Yorkshire,Gynaecology,21,8697
2019,Dec,North East and Yorkshire,Neurology,4,4449
2019,Dec,North East and Yorkshire,Neurosurgery,5,947
2019,Dec,North East and Yorkshire,Ophthalmology,24,20923
2019,Dec,North East and Yorkshire,Oral Surgery,7,7478
2019,Dec,North East and Yorkshire,Other,50,25622
2019,Dec,North East and Yorkshire,Plastic Surgery,18,6466
2019,Dec,North East and Yorkshire,Rheumatology,0,2554
2019,Dec,North East and Yorkshire,Thoracic Medicine,5,2839
2019,Dec,North East and Yorkshire,Total,366,166532
2019,Dec,North East and Yorkshire,Trauma & Orthopaedics,167,30216
2019,Dec,North East and Yorkshire,Urology,5,9859
2019,Dec,North West,Cardiology,3,4794
2019,Dec,North West,Cardiothoracic Surgery,0,853
2019,Dec,North West,Dermatology,0,7625
2019,Dec,North West,"Ear, Nose & Throat (ENT)",12,11697
2019,Dec,North West,Gastroenterology,2,6720
2019,Dec,North West,General Medicine,0,2707
2019,Dec,North West,General Surgery,30,17729
2019,Dec,North West,Geriatric Medicine,0,183
2019,Dec,North West,Gynaecology,26,11684
2019,Dec,North West,Neurology,0,4501
2019,Dec,North West,Neurosurgery,1,2683
2019,Dec,North West,Ophthalmology,9,17525
2019,Dec,North West,Oral Surgery,31,12303
2019,Dec,North West,Other,20,27045
2019,Dec,North West,Plastic Surgery,36,4817
2019,Dec,North West,Rheumatology,1,1959
2019,Dec,North West,Thoracic Medicine,4,2061
2019,Dec,North West,Total,195,169442
2019,Dec,North West,Trauma & Orthopaedics,8,23040
2019,Dec,North West,Urology,12,9516
2019,Dec,South East,Cardiology,12,10830
2019,Dec,South East,Cardiothoracic Surgery,0,346
2019,Dec,South East,Dermatology,8,13200
2019,Dec,South East,"Ear, Nose & Throat (ENT)",108,38822
2019,Dec,South East,Gastroenterology,24,16332
2019,Dec,South East,General Medicine,0,1082
2019,Dec,South East,General Surgery,148,31520
2019,Dec,South East,Geriatric Medicine,0,490
2019,Dec,South East,Gynaecology,46,22734
2019,Dec,South East,Neurology,8,11596
2019,Dec,South East,Neurosurgery,8,2430
2019,Dec,South East,Ophthalmology,60,54762
2019,Dec,South East,Oral Surgery,38,16186
2019,Dec,South East,Other,78,43212
2019,Dec,South East,Plastic Surgery,110,6346
2019,Dec,South East,Rheumatology,0,5240
2019,Dec,South East,Thoracic Medicine,2,3422
2019,Dec,South East,Total,1096,368190
2019,Dec,South East,Trauma & Orthopaedics,82,66156
2019,Dec,South East,Urology,364,23484
2019,Dec,South West,Cardiology,138,14314
2019,Dec,South West,Cardiothoracic Surgery,22,1030
2019,Dec,South West,Dermatology,6,12780
2019,Dec,South West,"Ear, Nose & Throat (ENT)",56,18898
2019,Dec,South West,Gastroenterology,20,8924
2019,Dec,South West,General Medicine,0,1284
2019,Dec,South West,General Surgery,216,17566
2019,Dec,South West,Geriatric Medicine,0,368
2019,Dec,South West,Gynaecology,72,17512
2019,Dec,South West,Neurology,14,6136
2019,Dec,South West,Neurosurgery,218,2864
2019,Dec,South West,Ophthalmology,30,34084
2019,Dec,South West,Oral Surgery,42,17774
2019,Dec,South West,Other,724,44384
2019,Dec,South West,Plastic Surgery,48,3752
2019,Dec,South West,Rheumatology,0,3540
2019,Dec,South West,Thoracic Medicine,12,3444
2019,Dec,South West,Total,2270,279734
2019,Dec,South West,Trauma & Orthopaedics,520,55656
2019,Dec,South West,Urology,132,15424
2020,Feb,East of England,Cardiology,10,4393
2020,Feb,East of England,Cardiothoracic Surgery,0,434
2020,Feb,East of England,Dermatology,7,8682
2020,Feb,East of England,"Ear, Nose & Throat (ENT)",61,9181
2020,Feb,East of England,Gastroenterology,16,5209
2020,Feb,East of England,General Medicine,6,982
2020,Feb,East of England,General Surgery,116,12614
2020,Feb,East of England,Geriatric Medicine,1,98
2020,Feb,East of England,Gynaecology,46,9410
2020,Feb,East of England,Neurology,5,3845
2020,Feb,East of England,Neurosurgery,0,199
2020,Feb,East of England,Ophthalmology,65,14951
2020,Feb,East of England,Oral Surgery,21,7552
2020,Feb,East of England,Other,72,17518
2020,Feb,East of England,Plastic Surgery,7,1963
2020,Feb,East of England,Rheumatology,2,2039
2020,Feb,East of England,Thoracic Medicine,8,2373
2020,Feb,East of England,Total,894,138793
2020,Feb,East of England,Trauma & Orthopaedics,254,27696
2020,Feb,East of England,Urology,197,9654
2020,Feb,London,Cardiology,24,9429
2020,Feb,London,Cardiothoracic Surgery,3,428
2020,Feb,London,Dermatology,17,8936
2020,Feb,London,"Ear, Nose & Throat (ENT)",55,19805
2020,Feb,London,Gastroenterology,52,7997
2020,Feb,London,General Medicine,2,692
2020,Feb,London,General Surgery,184,19889
2020,Feb,London,Geriatric Medicine,3,267
2020,Feb,London,Gynaecology,62,16026
2020,Feb,London,Neurology,20,7475
2020,Feb,London,Neurosurgery,13,3266
2020,Feb,London,Ophthalmology,71,15570
2020,Feb,London,Oral Surgery,31,9752
2020,Feb,London,Other,633,58597
2020,Feb,London,Plastic Surgery,25,3280
2020,Feb,London,Rheumatology,16,3618
2020,Feb,London,Thoracic Medicine,15,3114
2020,Feb,London,Total,1516,226496
2020,Feb,London,Trauma & Orthopaedics,261,27340
2020,Feb,London,Urology,29,11015
2020,Feb,Midlands,Cardiology,4,8341
2020,Feb,Midlands,Cardiothoracic Surgery,0,239
2020,Feb,Midlands,Dermatology,0,11137
2020,Feb,Midlands,"Ear, Nose & Throat (ENT)",4,16474
2020,Feb,Midlands,Gastroenterology,6,8550
2020,Feb,Midlands,General Medicine,2,1007
2020,Feb,Midlands,General Surgery,24,19629
2020,Feb,Midlands,Geriatric Medicine,0,343
2020,Feb,Midlands,Gynaecology,5,12262
2020,Feb,Midlands,Neurology,2,7249
2020,Feb,Midlands,Neurosurgery,1,2607
2020,Feb,Midlands,Ophthalmology,5,26605
2020,Feb,Midlands,Oral Surgery,1,9112
2020,Feb,Midlands,Other,32,34426
2020,Feb,Midlands,Plastic Surgery,0,2568
2020,Feb,Midlands,Rheumatology,2,3186
2020,Feb,Midlands,Thoracic Medicine,8,5420
2020,Feb,Midlands,Total,354,218821
2020,Feb,Midlands,Trauma & Orthopaedics,248,34380
2020,Feb,Midlands,Urology,10,15286
2020,Feb,North East and Yorkshire,Cardiology,7,6876
2020,Feb,North East and Yorkshire,Cardiothoracic Surgery,0,273
2020,Feb,North East and Yorkshire,Dermatology,4,5213
2020,Feb,North East and Yorkshire,"Ear, Nose & Throat (ENT)",60,16632
2020,Feb,North East and Yorkshire,Gastroenterology,22,4433
2020,Feb,North East and Yorkshire,General Medicine,1,809
2020,Feb,North East and Yorkshire,General Surgery,41,14931
2020,Feb,North East and Yorkshire,Geriatric Medicine,0,338
2020,Feb,North East and Yorkshire,Gynaecology,26,9192
2020,Feb,North East and Yorkshire,Neurology,2,4808
2020,Feb,North East and Yorkshire,Neurosurgery,6,1110
2020,Feb,North East and Yorkshire,Ophthalmology,59,21633
2020,Feb,North East and Yorkshire,Oral Surgery,10,8949
2020,Feb,North East and Yorkshire,Other,73,26932
2020,Feb,North East and Yorkshire,Plastic Surgery,25,6732
2020,Feb,North East and Yorkshire,Rheumatology,0,2579
2020,Feb,North East and Yorkshire,Thoracic Medicine,2,3060
2020,Feb,North East and Yorkshire,Total,610,177632
2020,Feb,North East and Yorkshire,Trauma & Orthopaedics,263,32919
2020,Feb,North East and Yorkshire,Urology,9,10213
2020,Feb,North West,Cardiology,0,4873
2020,Feb,North West,Cardiothoracic Surgery,1,819
2020,Feb,North West,Dermatology,1,7632
2020,Feb,North West,"Ear, Nose & Throat (ENT)",24,11897
2020,Feb,North West,Gastroenterology,2,6566
2020,Feb,North West,General Medicine,2,2748
2020,Feb,North West,General Surgery,50,20004
2020,Feb,North West,Geriatric Medicine,0,215
2020,Feb,North West,Gynaecology,33,13003
2020,Feb,North West,Neurology,0,5285
2020,Feb,North West,Neurosurgery,0,2658
2020,Feb,North West,Ophthalmology,18,17222
2020,Feb,North West,Oral Surgery,19,12866
2020,Feb,North West,Other,18,28645
2020,Feb,North West,Plastic Surgery,36,5101
2020,Feb,North West,Rheumatology,0,1957
2020,Feb,North West,Thoracic Medicine,1,2165
2020,Feb,North West,Total,240,179791
2020,Feb,North West,Trauma & Orthopaedics,23,25079
2020,Feb,North West,Urology,12,11056
2020,Feb,South East,Cardiology,14,11640
2020,Feb,South East,Cardiothoracic Surgery,0,406
2020,Feb,South East,Dermatology,2,14526
2020,Feb,South East,"Ear, Nose & Throat (ENT)",212,41284
2020,Feb,South East,Gastroenterology,18,18176
2020,Feb,South East,General Medicine,2,1228
2020,Feb,South East,General Surgery,134,33784
2020,Feb,South East,Geriatric Medicine,0,430
2020,Feb,South East,Gynaecology,58,24308
2020,Feb,South East,Neurology,10,12344
2020,Feb,South East,Neurosurgery,32,2594
2020,Feb,South East,Ophthalmology,48,56510
2020,Feb,South East,Oral Surgery,50,16616
2020,Feb,South East,Other,88,45234
2020,Feb,South East,Plastic Surgery,152,6882
2020,Feb,South East,Rheumatology,0,5132
2020,Feb,South East,Thoracic Medicine,0,3746
2020,Feb,South East,Total,1196,388804
2020,Feb,South East,Trauma & Orthopaedics,62,71034
2020,Feb,South East,Urology,314,22930
2020,Feb,South West,Cardiology,84,15304
2020,Feb,South West,Cardiothoracic Surgery,12,1296
2020,Feb,South West,Dermatology,14,12734
2020,Feb,South West,"Ear, Nose & Throat (ENT)",96,19614
2020,Feb,South West,Gastroenterology,42,8930
2020,Feb,South West,General Medicine,6,1734
2020,Feb,South West,General Surgery,274,18932
2020,Feb,South West,Geriatric Medicine,0,346
2020,Feb,South West,Gynaecology,88,18042
2020,Feb,South West,Neurology,8,6504
2020,Feb,South West,Neurosurgery,266,3000
2020,Feb,South West,Ophthalmology,134,35420
2020,Feb,South West,Oral Surgery,96,18204
2020,Feb,South West,Other,760,45760
2020,Feb,South West,Plastic Surgery,42,3758
2020,Feb,South West,Rheumatology,2,3798
2020,Feb,South West,Thoracic Medicine,14,3716
2020,Feb,South West,Total,2746,293716
2020,Feb,South West,Trauma & Orthopaedics,710,60764
2020,Feb,South West,Urology,98,15860
2020,Mar,East of England,Cardiology,15,5500
2020,Mar,East of England,Cardiothoracic Surgery,0,453
2020,Mar,East of England,Dermatology,5,8467
2020,Mar,East of England,"Ear, Nose & Throat (ENT)",95,10258
2020,Mar,East of England,Gastroenterology,7,5959
2020,Mar,East of England,General Medicine,4,1011
2020,Mar,East of England,General Surgery,169,13430
2020,Mar,East of England,Geriatric Medicine,1,131
2020,Mar,East of England,Gynaecology,79,10560
2020,Mar,East of England,Neurology,10,3757
2020,Mar,East of England,Neurosurgery,0,212
2020,Mar,East of England,Ophthalmology,34,16218
2020,Mar,East of England,Oral Surgery,23,7848
2020,Mar,East of England,Other,62,19156
2020,Mar,East of England,Plastic Surgery,15,2095
2020,Mar,East of England,Rheumatology,2,2113
2020,Mar,East of England,Thoracic Medicine,2,2670
2020,Mar,East of England,Total,1002,149183
2020,Mar,East of England,Trauma & Orthopaedics,304,29408
2020,Mar,East of England,Urology,175,9937
2020,Mar,London,Cardiology,31,10776
2020,Mar,London,Cardiothoracic Surgery,3,539
2020,Mar,London,Dermatology,25,10496
2020,Mar,London,"Ear, Nose & Throat (ENT)",91,22027
2020,Mar,London,Gastroenterology,43,9179
2020,Mar,London,General Medicine,6,833
2020,Mar,London,General Surgery,233,21684
2020,Mar,London,Geriatric Medicine,6,291
2020,Mar,London,Gynaecology,120,17934
2020,Mar,London,Neurology,17,8060
2020,Mar,London,Neurosurgery,34,3647
2020,Mar,London,Ophthalmology,100,18329
2020,Mar,London,Oral Surgery,35,10364
2020,Mar,London,Other,730,66397
2020,Mar,London,Plastic Surgery,55,3722
2020,Mar,London,Rheumatology,5,3645
2020,Mar,London,Thoracic Medicine,17,3665
2020,Mar,London,Total,1880,253776
2020,Mar,London,Trauma & Orthopaedics,287,30054
2020,Mar,London,Urology,42,12134
2020,Mar,Midlands,Cardiology,8,9100
2020,Mar,Midlands,Cardiothoracic Surgery,0,262
2020,Mar,Midlands,Dermatology,3,10260
2020,Mar,Midlands,"Ear, Nose & Throat (ENT)",32,17457
2020,Mar,Midlands,Gastroenterology,7,9327
2020,Mar,Midlands,General Medicine,3,872
2020,Mar,Midlands,General Surgery,44,20587
2020,Mar,Midlands,Geriatric Medicine,1,375
2020,Mar,Midlands,Gynaecology,14,13290
2020,Mar,Midlands,Neurology,5,6811
2020,Mar,Midlands,Neurosurgery,2,2653
2020,Mar,Midlands,Ophthalmology,22,27716
2020,Mar,Midlands,Oral Surgery,4,9259
2020,Mar,Midlands,Other,98,35956
2020,Mar,Midlands,Plastic Surgery,0,2654
2020,Mar,Midlands,Rheumatology,5,3291
2020,Mar,Midlands,Thoracic Medicine,4,5504
2020,Mar,Midlands,Total,623,228049
2020,Mar,Midlands,Trauma & Orthopaedics,313,36453
2020,Mar,Midlands,Urology,58,16222
2020,Mar,North East and Yorkshire,Cardiology,20,7403
2020,Mar,North East and Yorkshire,Cardiothoracic Surgery,0,313
2020,Mar,North East and Yorkshire,Dermatology,6,5169
2020,Mar,North East and Yorkshire,"Ear, Nose & Throat (ENT)",110,17236
2020,Mar,North East and Yorkshire,Gastroenterology,25,4874
2020,Mar,North East and Yorkshire,General Medicine,1,868
2020,Mar,North East and Yorkshire,General Surgery,40,15473
2020,Mar,North East and Yorkshire,Geriatric Medicine,0,370
2020,Mar,North East and Yorkshire,Gynaecology,41,9895
2020,Mar,North East and Yorkshire,Neurology,2,4570
2020,Mar,North East and Yorkshire,Neurosurgery,4,1324
2020,Mar,North East and Yorkshire,Ophthalmology,21,22446
2020,Mar,North East and Yorkshire,Oral Surgery,41,9478
2020,Mar,North East and Yorkshire,Other,80,28896
2020,Mar,North East and Yorkshire,Plastic Surgery,38,7004
2020,Mar,North East and Yorkshire,Rheumatology,0,2518
2020,Mar,North East and Yorkshire,Thoracic Medicine,1,3349
2020,Mar,North East and Yorkshire,Total,764,186509
2020,Mar,North East and Yorkshire,Trauma & Orthopaedics,310,35000
2020,Mar,North East and Yorkshire,Urology,24,10323
2020,Mar,North West,Cardiology,1,5428
2020,Mar,North West,Cardiothoracic Surgery,2,980
2020,Mar,North West,Dermatology,0,7490
2020,Mar,North West,"Ear, Nose & Throat (ENT)",46,12937
2020,Mar,North West,Gastroenterology,1,7210
2020,Mar,North West,General Medicine,3,2707
2020,Mar,North West,General Surgery,112,21448
2020,Mar,North West,Geriatric Medicine,0,269
2020,Mar,North West,Gynaecology,82,14114
2020,Mar,North West,Neurology,1,5611
2020,Mar,North West,Neurosurgery,2,3115
2020,Mar,North West,Ophthalmology,24,18114
2020,Mar,North West,Oral Surgery,29,14306
2020,Mar,North West,Other,29,31582
2020,Mar,North West,Plastic Surgery,50,5655
2020,Mar,North West,Rheumatology,2,2088
2020,Mar,North West,Thoracic Medicine,1,2456
2020,Mar,North West,Total,465,194609
2020,Mar,North West,Trauma & Orthopaedics,52,26846
2020,Mar,North West,Urology,28,12253
2020,Mar,South East,Cardiology,30,12678
2020,Mar,South East,Cardiothoracic Surgery,0,510
2020,Mar,South East,Dermatology,2,14488
2020,Mar,South East,"Ear, Nose & Throat (ENT)",262,42286
2020,Mar,South East,Gastroenterology,60,19476
2020,Mar,South East,General Medicine,0,1424
2020,Mar,South East,General Surgery,168,36676
2020,Mar,South East,Geriatric Medicine,0,400
2020,Mar,South East,Gynaecology,42,26420
2020,Mar,South East,Neurology,2,12942
2020,Mar,South East,Neurosurgery,62,2778
2020,Mar,South East,Ophthalmology,140,61880
2020,Mar,South East,Oral Surgery,52,18318
2020,Mar,South East,Other,98,48666
2020,Mar,South East,Plastic Surgery,176,7254
2020,Mar,South East,Rheumatology,6,5456
2020,Mar,South East,Thoracic Medicine,2,3920
2020,Mar,South East,Total,1682,418290
2020,Mar,South East,Trauma & Orthopaedics,186,78132
2020,Mar,South East,Urology,394,24586
2020,Mar,South West,Cardiology,88,15942
2020,Mar,South West,Cardiothoracic Surgery,4,1358
2020,Mar,South West,Dermatology,26,12728
2020,Mar,South West,"Ear, Nose & Throat (ENT)",124,20906
2020,Mar,South West,Gastroenterology,70,9670
2020,Mar,South West,General Medicine,14,2028
2020,Mar,South West,General Surgery,416,20738
2020,Mar,South West,Geriatric Medicine,0,446
2020,Mar,South West,Gynaecology,88,19056
2020,Mar,South West,Neurology,4,6898
2020,Mar,South West,Neurosurgery,238,3110
2020,Mar,South West,Ophthalmology,164,36938
2020,Mar,South West,Oral Surgery,206,19354
2020,Mar,South West,Other,934,48370
2020,Mar,South West,Plastic Surgery,46,3854
2020,Mar,South West,Rheumatology,6,3618
2020,Mar,South West,Thoracic Medicine,4,3664
2020,Mar,South West,Total,3466,309458
2020,Mar,South West,Trauma & Orthopaedics,894,63960
2020,Mar,South West,Urology,140,16820
2020,Apr,East of England,Cardiology,54,7582
2020,Apr,East of England,Cardiothoracic Surgery,2,547
2020,Apr,East of England,Dermatology,47,11707
2020,Apr,East of England,"Ear, Nose & Throat (ENT)",281,13388
2020,Apr,East of England,Gastroenterology,96,7707
2020,Apr,East of England,General Medicine,6,1142
2020,Apr,East of England,General Surgery,680,16693
2020,Apr,East of England,Geriatric Medicine,1,151
2020,Apr,East of England,Gynaecology,302,13256
2020,Apr,East of England,Neurology,33,4587
2020,Apr,East of England,Neurosurgery,3,282
2020,Apr,East of England,Ophthalmology,265,23776
2020,Apr,East of England,Oral Surgery,323,10631
2020,Apr,East of England,Other,369,27347
2020,Apr,East of England,Plastic Surgery,379,6942
2020,Apr,East of England,Rheumatology,12,2927
2020,Apr,East of England,Thoracic Medicine,30,3396
2020,Apr,East of England,Total,4236,201888
2020,Apr,East of England,Trauma & Orthopaedics,941,37602
2020,Apr,East of England,Urology,412,12225
2020,Apr,London,Cardiology,86,12606
2020,Apr,London,Cardiothoracic Surgery,6,760
2020,Apr,London,Dermatology,64,12367
2020,Apr,London,"Ear, Nose & Throat (ENT)",307,26140
2020,Apr,London,Gastroenterology,68,9243
2020,Apr,London,General Medicine,8,884
2020,Apr,London,General Surgery,534,24349
2020,Apr,London,Geriatric Medicine,7,336
2020,Apr,London,Gynaecology,356,20766
2020,Apr,London,Neurology,27,8747
2020,Apr,London,Neurosurgery,73,4382
2020,Apr,London,Ophthalmology,208,23069
2020,Apr,London,Oral Surgery,123,12094
2020,Apr,London,Other,1428,76994
2020,Apr,London,Plastic Surgery,145,4185
2020,Apr,London,Rheumatology,17,4030
2020,Apr,London,Thoracic Medicine,21,4624
2020,Apr,London,Total,4265,295169
2020,Apr,London,Trauma & Orthopaedics,645,35532
2020,Apr,London,Urology,142,14061
2020,Apr,Midlands,Cardiology,21,10415
2020,Apr,Midlands,Cardiothoracic Surgery,3,338
2020,Apr,Midlands,Dermatology,6,11680
2020,Apr,Midlands,"Ear, Nose & Throat (ENT)",236,21277
2020,Apr,Midlands,Gastroenterology,17,11115
2020,Apr,Midlands,General Medicine,1,1037
2020,Apr,Midlands,General Surgery,195,24009
2020,Apr,Midlands,Geriatric Medicine,1,500
2020,Apr,Midlands,Gynaecology,75,17086
2020,Apr,Midlands,Neurology,13,7152
2020,Apr,Midlands,Neurosurgery,26,2963
2020,Apr,Midlands,Ophthalmology,59,35407
2020,Apr,Midlands,Oral Surgery,49,11853
2020,Apr,Midlands,Other,313,42800
2020,Apr,Midlands,Plastic Surgery,17,3281
2020,Apr,Midlands,Rheumatology,5,3758
2020,Apr,Midlands,Thoracic Medicine,9,6511
2020,Apr,Midlands,Total,1920,276649
2020,Apr,Midlands,Trauma & Orthopaedics,585,47106
2020,Apr,Midlands,Urology,289,18361
2020,Apr,North East and Yorkshire,Cardiology,63,8107
2020,Apr,North East and Yorkshire,Cardiothoracic Surgery,9,398
2020,Apr,North East and Yorkshire,Dermatology,14,6000
2020,Apr,North East and Yorkshire,"Ear, Nose & Throat (ENT)",344,19879
2020,Apr,North East and Yorkshire,Gastroenterology,36,5549
2020,Apr,North East and Yorkshire,General Medicine,5,1001
2020,Apr,North East and Yorkshire,General Surgery,143,18651
2020,Apr,North East and Yorkshire,Geriatric Medicine,0,395
2020,Apr,North East and Yorkshire,Gynaecology,114,12111
2020,Apr,North East and Yorkshire,Neurology,4,4651
2020,Apr,North East and Yorkshire,Neurosurgery,4,1714
2020,Apr,North East and Yorkshire,Ophthalmology,171,28650
2020,Apr,North East and Yorkshire,Oral Surgery,145,11922
2020,Apr,North East and Yorkshire,Other,203,34598
2020,Apr,North East and Yorkshire,Plastic Surgery,189,7983
2020,Apr,North East and Yorkshire,Rheumatology,3,2798
2020,Apr,North East and Yorkshire,Thoracic Medicine,2,3912
2020,Apr,North East and Yorkshire,Total,2316,222657
2020,Apr,North East and Yorkshire,Trauma & Orthopaedics,743,42493
2020,Apr,North East and Yorkshire,Urology,124,11845
2020,Apr,North West,Cardiology,10,6411
2020,Apr,North West,Cardiothoracic Surgery,17,1187
2020,Apr,North West,Dermatology,10,8735
2020,Apr,North West,"Ear, Nose & Throat (ENT)",183,16005
2020,Apr,North West,Gastroenterology,12,9097
2020,Apr,North West,General Medicine,20,3072
2020,Apr,North West,General Surgery,443,25050
2020,Apr,North West,Geriatric Medicine,0,318
2020,Apr,North West,Gynaecology,278,16906
2020,Apr,North West,Neurology,6,6370
2020,Apr,North West,Neurosurgery,22,3949
2020,Apr,North West,Ophthalmology,118,22983
2020,Apr,North West,Oral Surgery,193,17305
2020,Apr,North West,Other,365,39538
2020,Apr,North West,Plastic Surgery,172,6792
2020,Apr,North West,Rheumatology,1,2523
2020,Apr,North West,Thoracic Medicine,5,2935
2020,Apr,North West,Total,2224,236295
2020,Apr,North West,Trauma & Orthopaedics,270,32654
2020,Apr,North West,Urology,99,14465
2020,Apr,South East,Cardiology,12,7265
2020,Apr,South East,Cardiothoracic Surgery,0,353
2020,Apr,South East,Dermatology,17,8344
2020,Apr,South East,"Ear, Nose & Throat (ENT)",395,24677
2020,Apr,South East,Gastroenterology,36,10909
2020,Apr,South East,General Medicine,1,859
2020,Apr,South East,General Surgery,256,22541
2020,Apr,South East,Geriatric Medicine,1,245
2020,Apr,South East,Gynaecology,110,15994
2020,Apr,South East,Neurology,17,6623
2020,Apr,South East,Neurosurgery,52,1473
2020,Apr,South East,Ophthalmology,406,36877
2020,Apr,South East,Oral Surgery,92,10559
2020,Apr,South East,Other,176,29101
2020,Apr,South East,Plastic Surgery,137,4312
2020,Apr,South East,Rheumatology,1,2917
2020,Apr,South East,Thoracic Medicine,4,2501
2020,Apr,South East,Total,2551,247561
2020,Apr,South East,Trauma & Orthopaedics,432,47196
2020,Apr,South East,Urology,406,14815
2020,Apr,South West,Cardiology,126,8647
2020,Apr,South West,Cardiothoracic Surgery,10,845
2020,Apr,South West,Dermatology,34,7213
2020,Apr,South West,"Ear, Nose & Throat (ENT)",232,12284
2020,Apr,South West,Gastroenterology,138,5529
2020,Apr,South West,General Medicine,9,1308
2020,Apr,South West,General Surgery,379,12000
2020,Apr,South West,Geriatric Medicine,3,320
2020,Apr,South West,Gynaecology,144,10990
2020,Apr,South West,Neurology,13,3837
2020,Apr,South West,Neurosurgery,138,1678
2020,Apr,South West,Ophthalmology,239,22986
2020,Apr,South West,Oral Surgery,242,12185
2020,Apr,South West,Other,750,27579
2020,Apr,South West,Plastic Surgery,48,2219
2020,Apr,South West,Rheumatology,2,1929
2020,Apr,South West,Thoracic Medicine,6,1829
2020,Apr,South West,Total,3798,181433
2020,Apr,South West,Trauma & Orthopaedics,1073,38141
2020,Apr,South West,Urology,212,9914
2020,Jul,East of England,Cardiology,230,12828
2020,Jul,East of England,Cardiothoracic Surgery,16,789
2020,Jul,East of England,Dermatology,420,16790
2020,Jul,East of England,"Ear, Nose & Throat (ENT)",1742,28397
2020,Jul,East of England,Gastroenterology,329,14650
2020,Jul,East of England,General Medicine,36,2040
2020,Jul,East of England,General Surgery,2412,28884
2020,Jul,East of England,Geriatric Medicine,13,546
2020,Jul,East of England,Gynaecology,1668,23672
2020,Jul,East of England,Neurology,53,6044
2020,Jul,East of England,Neurosurgery,17,710
2020,Jul,East of England,Ophthalmology,2701,54259
2020,Jul,East of England,Oral Surgery,1373,18697
2020,Jul,East of England,Other,2264,49301
2020,Jul,East of England,Plastic Surgery,1298,9210
2020,Jul,East of England,Rheumatology,53,5305
2020,Jul,East of England,Thoracic Medicine,41,6813
2020,Jul,East of England,Total,24033,361591
2020,Jul,East of England,Trauma & Orthopaedics,7295,62052
2020,Jul,East of England,Urology,2072,20604
2020,Jul,London,Cardiology,453,19907
2020,Jul,London,Cardiothoracic Surgery,21,1580
2020,Jul,London,Dermatology,307,18807
2020,Jul,London,"Ear, Nose & Throat (ENT)",2731,41495
2020,Jul,London,Gastroenterology,222,14408
2020,Jul,London,General Medicine,26,1271
2020,Jul,London,General Surgery,3288,36940
2020,Jul,London,Geriatric Medicine,1,857
2020,Jul,London,Gynaecology,2398,36144
2020,Jul,London,Neurology,61,11006
2020,Jul,London,Neurosurgery,348,6894
2020,Jul,London,Ophthalmology,1849,59430
2020,Jul,London,Oral Surgery,996,22995
2020,Jul,London,Other,7778,136768
2020,Jul,London,Plastic Surgery,815,6614
2020,Jul,London,Rheumatology,51,6851
2020,Jul,London,Thoracic Medicine,59,8528
2020,Jul,London,Total,26661,516592
2020,Jul,London,Trauma & Orthopaedics,4081,62244
2020,Jul,London,Urology,1176,23853
2020,Jul,Midlands,Cardiology,211,18725
2020,Jul,Midlands,Cardiothoracic Surgery,8,697
2020,Jul,Midlands,Dermatology,184,19935
2020,Jul,Midlands,"Ear, Nose & Throat (ENT)",1984,46880
2020,Jul,Midlands,Gastroenterology,341,23320
2020,Jul,Midlands,General Medicine,11,3615
2020,Jul,Midlands,General Surgery,2628,42958
2020,Jul,Midlands,Geriatric Medicine,1,1540
2020,Jul,Midlands,Gynaecology,954,32815
2020,Jul,Midlands,Neurology,79,11357
2020,Jul,Midlands,Neurosurgery,181,4224
2020,Jul,Midlands,Ophthalmology,1127,79043
2020,Jul,Midlands,Oral Surgery,860,27254
2020,Jul,Midlands,Other,3064,82962
2020,Jul,Midlands,Plastic Surgery,257,5776
2020,Jul,Midlands,Rheumatology,41,9965
2020,Jul,Midlands,Thoracic Medicine,147,12085
2020,Jul,Midlands,Total,18722,555763
2020,Jul,Midlands,Trauma & Orthopaedics,4363,100399
2020,Jul,Midlands,Urology,2281,32213
2020,Jul,North East and Yorkshire,Cardiology,475,14359
2020,Jul,North East and Yorkshire,Cardiothoracic Surgery,28,704
2020,Jul,North East and Yorkshire,Dermatology,149,12179
2020,Jul,North East and Yorkshire,"Ear, Nose & Throat (ENT)",2336,38978
2020,Jul,North East and Yorkshire,Gastroenterology,213,11053
2020,Jul,North East and Yorkshire,General Medicine,26,2058
2020,Jul,North East and Yorkshire,General Surgery,1472,35088
2020,Jul,North East and Yorkshire,Geriatric Medicine,0,652
2020,Jul,North East and Yorkshire,Gynaecology,1286,24525
2020,Jul,North East and Yorkshire,Neurology,108,7422
2020,Jul,North East and Yorkshire,Neurosurgery,110,3518
2020,Jul,North East and Yorkshire,Ophthalmology,2234,59487
2020,Jul,North East and Yorkshire,Oral Surgery,770,22994
2020,Jul,North East and Yorkshire,Other,2170,69942
2020,Jul,North East and Yorkshire,Plastic Surgery,1239,12411
2020,Jul,North East and Yorkshire,Rheumatology,43,5792
2020,Jul,North East and Yorkshire,Thoracic Medicine,128,6823
2020,Jul,North East and Yorkshire,Total,19228,427328
2020,Jul,North East and Yorkshire,Trauma & Orthopaedics,5147,79649
2020,Jul,North East and Yorkshire,Urology,1294,19694
2020,Jul,North West,Cardiology,173,11343
2020,Jul,North West,Cardiothoracic Surgery,124,1699
2020,Jul,North West,Dermatology,168,15267
2020,Jul,North West,"Ear, Nose & Throat (ENT)",1888,34962
2020,Jul,North West,Gastroenterology,265,19458
2020,Jul,North West,General Medicine,158,6164
2020,Jul,North West,General Surgery,3766,45789
2020,Jul,North West,Geriatric Medicine,2,881
2020,Jul,North West,Gynaecology,1650,33401
2020,Jul,North West,Neurology,129,10208
2020,Jul,North West,Neurosurgery,287,7318
2020,Jul,North West,Ophthalmology,1902,54050
2020,Jul,North West,Oral Surgery,2433,32790
2020,Jul,North West,Other,3548,77801
2020,Jul,North West,Plastic Surgery,1052,11875
2020,Jul,North West,Rheumatology,27,4259
2020,Jul,North West,Thoracic Medicine,20,5973
2020,Jul,North West,Total,22339,466457
2020,Jul,North West,Trauma & Orthopaedics,3508,68054
2020,Jul,North West,Urology,1239,25165
2020,Jul,South East,Cardiology,114,10886
2020,Jul,South East,Cardiothoracic Surgery,8,852
2020,Jul,South East,Dermatology,108,12732
2020,Jul,South East,"Ear, Nose & Throat (ENT)",2989,45047
2020,Jul,South East,Gastroenterology,255,23392
2020,Jul,South East,General Medicine,14,1626
2020,Jul,South East,General Surgery,1854,42113
2020,Jul,South East,Geriatric Medicine,4,678
2020,Jul,South East,Gynaecology,1059,29216
2020,Jul,South East,Neurology,272,9552
2020,Jul,South East,Neurosurgery,248,2130
2020,Jul,South East,Ophthalmology,3754,76938
2020,Jul,South East,Oral Surgery,848,22029
2020,Jul,South East,Other,1738,51782
2020,Jul,South East,Plastic Surgery,694,7429
2020,Jul,South East,Rheumatology,15,6241
2020,Jul,South East,Thoracic Medicine,63,5219
2020,Jul,South East,Total,20740,459607
2020,Jul,South East,Trauma & Orthopaedics,4952,85908
2020,Jul,South East,Urology,1751,25837
2020,Jul,South West,Cardiology,627,12504
2020,Jul,South West,Cardiothoracic Surgery,41,1076
2020,Jul,South West,Dermatology,248,10604
2020,Jul,South West,"Ear, Nose & Throat (ENT)",1463,23063
2020,Jul,South West,Gastroenterology,235,11024
2020,Jul,South West,General Medicine,56,2689
2020,Jul,South West,General Surgery,1653,20334
2020,Jul,South West,Geriatric Medicine,1,666
2020,Jul,South West,Gynaecology,1124,18249
2020,Jul,South West,Neurology,61,5135
2020,Jul,South West,Neurosurgery,292,2181
2020,Jul,South West,Ophthalmology,2480,46708
2020,Jul,South West,Oral Surgery,1627,24938
2020,Jul,South West,Other,3151,47070
2020,Jul,South West,Plastic Surgery,232,3126
2020,Jul,South West,Rheumatology,43,3466
2020,Jul,South West,Thoracic Medicine,68,3670
2020,Jul,South West,Total,20876,318044
2020,Jul,South West,Trauma & Orthopaedics,6235,65908
2020,Jul,South West,Urology,1239,15633
2020,Nov,East of England,Cardiology,221,6812
2020,Nov,East of England,Cardiothoracic Surgery,7,369
2020,Nov,East of England,Dermatology,620,9971
2020,Nov,East of England,"Ear, Nose & Throat (ENT)",3892,23804
2020,Nov,East of England,Gastroenterology,886,10146
2020,Nov,East of England,General Medicine,81,1702
2020,Nov,East of England,General Surgery,4629,22906
2020,Nov,East of England,Geriatric Medicine,3,308
2020,Nov,East of England,Gynaecology,2918,15643
2020,Nov,East of England,Neurology,55,2490
2020,Nov,East of England,Neurosurgery,47,575
2020,Nov,East of England,Ophthalmology,6200,33611
2020,Nov,East of England,Oral Surgery,2475,12005
2020,Nov,East of England,Other,4535,30398
2020,Nov,East of England,Plastic Surgery,1518,5824
2020,Nov,East of England,Rheumatology,113,2847
2020,Nov,East of England,Thoracic Medicine,59,2743
2020,Nov,East of England,Total,46490,246898
2020,Nov,East of England,Trauma & Orthopaedics,14786,49128
2020,Nov,East of England,Urology,3445,15616
2020,Nov,London,Cardiology,1043,12260
2020,Nov,London,Cardiothoracic Surgery,21,737
2020,Nov,London,Dermatology,570,9531
2020,Nov,London,"Ear, Nose & Throat (ENT)",5792,31971
2020,Nov,London,Gastroenterology,421,8757
2020,Nov,London,General Medicine,18,1394
2020,Nov,London,General Surgery,5021,23959
2020,Nov,London,Geriatric Medicine,11,230
2020,Nov,London,Gynaecology,3815,22579
2020,Nov,London,Neurology,180,5385
2020,Nov,London,Neurosurgery,673,4851
2020,Nov,London,Ophthalmology,2287,30336
2020,Nov,London,Oral Surgery,3047,12321
2020,Nov,London,Other,14988,84601
2020,Nov,London,Plastic Surgery,1255,4812
2020,Nov,London,Rheumatology,125,2755
2020,Nov,London,Thoracic Medicine,104,3850
2020,Nov,London,Total,47275,314211
2020,Nov,London,Trauma & Orthopaedics,6019,37797
2020,Nov,London,Urology,1885,16085
2020,Nov,Midlands,Cardiology,453,12720
2020,Nov,Midlands,Cardiothoracic Surgery,23,307
2020,Nov,Midlands,Dermatology,1000,14240
2020,Nov,Midlands,"Ear, Nose & Throat (ENT)",5815,38143
2020,Nov,Midlands,Gastroenterology,1000,17069
2020,Nov,Midlands,General Medicine,28,3216
2020,Nov,Midlands,General Surgery,7413,37202
2020,Nov,Midlands,Geriatric Medicine,15,649
2020,Nov,Midlands,Gynaecology,3194,24759
2020,Nov,Midlands,Neurology,154,6504
2020,Nov,Midlands,Neurosurgery,481,2949
2020,Nov,Midlands,Ophthalmology,5702,50066
2020,Nov,Midlands,Oral Surgery,3165,18557
2020,Nov,Midlands,Other,9720,64174
2020,Nov,Midlands,Plastic Surgery,1088,4754
2020,Nov,Midlands,Rheumatology,91,4927
2020,Nov,Midlands,Thoracic Medicine,268,5868
2020,Nov,Midlands,Total,57956,414805
2020,Nov,Midlands,Trauma & Orthopaedics,12382,79209
2020,Nov,Midlands,Urology,5964,29492
2020,Nov,North East and Yorkshire,Cardiology,1035,8971
2020,Nov,North East and Yorkshire,Cardiothoracic Surgery,78,456
2020,Nov,North East and Yorkshire,Dermatology,923,9198
2020,Nov,North East and Yorkshire,"Ear, Nose & Throat (ENT)",5840,27236
2020,Nov,North East and Yorkshire,Gastroenterology,485,7774
2020,Nov,North East and Yorkshire,General Medicine,58,1464
2020,Nov,North East and Yorkshire,General Surgery,4475,26626
2020,Nov,North East and Yorkshire,Geriatric Medicine,2,241
2020,Nov,North East and Yorkshire,Gynaecology,3243,15708
2020,Nov,North East and Yorkshire,Neurology,338,3788
2020,Nov,North East and Yorkshire,Neurosurgery,428,3092
2020,Nov,North East and Yorkshire,Ophthalmology,5122,33739
2020,Nov,North East and Yorkshire,Oral Surgery,2460,13983
2020,Nov,North East and Yorkshire,Other,6588,46289
2020,Nov,North East and Yorkshire,Plastic Surgery,3219,10747
2020,Nov,North East and Yorkshire,Rheumatology,111,2347
2020,Nov,North East and Yorkshire,Thoracic Medicine,366,3584
2020,Nov,North East and Yorkshire,Total,52230,292010
2020,Nov,North East and Yorkshire,Trauma & Orthopaedics,14498,60468
2020,Nov,North East and Yorkshire,Urology,2961,16299
2020,Nov,North West,Cardiology,466,7451
2020,Nov,North West,Cardiothoracic Surgery,176,1388
2020,Nov,North West,Dermatology,601,9438
2020,Nov,North West,"Ear, Nose & Throat (ENT)",5585,30885
2020,Nov,North West,Gastroenterology,825,19583
2020,Nov,North West,General Medicine,721,4838
2020,Nov,North West,General Surgery,9062,39264
2020,Nov,North West,Geriatric Medicine,4,542
2020,Nov,North West,Gynaecology,4438,28834
2020,Nov,North West,Neurology,621,6545
2020,Nov,North West,Neurosurgery,901,6267
2020,Nov,North West,Ophthalmology,4768,32215
2020,Nov,North West,Oral Surgery,7579,25053
2020,Nov,North West,Other,8029,58251
2020,Nov,North West,Plastic Surgery,2252,9627
2020,Nov,North West,Rheumatology,41,3068
2020,Nov,North West,Thoracic Medicine,94,3069
2020,Nov,North West,Total,60165,361649
2020,Nov,North West,Trauma & Orthopaedics,10062,55040
2020,Nov,North West,Urology,3940,20291
2020,Nov,South East,Cardiology,266,5829
2020,Nov,South East,Cardiothoracic Surgery,36,507
2020,Nov,South East,Dermatology,419,7008
2020,Nov,South East,"Ear, Nose & Throat (ENT)",6883,34806
2020,Nov,South East,Gastroenterology,764,19670
2020,Nov,South East,General Medicine,25,1701
2020,Nov,South East,General Surgery,4423,32382
2020,Nov,South East,Geriatric Medicine,0,201
2020,Nov,South East,Gynaecology,2313,20208
2020,Nov,South East,Neurology,232,5424
2020,Nov,South East,Neurosurgery,403,1751
2020,Nov,South East,Ophthalmology,7593,44119
2020,Nov,South East,Oral Surgery,1943,13843
2020,Nov,South East,Other,4308,31620
2020,Nov,South East,Plastic Surgery,1531,5573
2020,Nov,South East,Rheumatology,44,3270
2020,Nov,South East,Thoracic Medicine,52,2732
2020,Nov,South East,Total,44930,312851
2020,Nov,South East,Trauma & Orthopaedics,10593,61951
2020,Nov,South East,Urology,3102,20256
2020,Nov,South West,Cardiology,1125,8877
2020,Nov,South West,Cardiothoracic Surgery,73,859
2020,Nov,South West,Dermatology,417,6073
2020,Nov,South West,"Ear, Nose & Throat (ENT)",3196,18878
2020,Nov,South West,Gastroenterology,529,9130
2020,Nov,South West,General Medicine,131,1636
2020,Nov,South West,General Surgery,2919,16012
2020,Nov,South West,Geriatric Medicine,13,297
2020,Nov,South West,Gynaecology,2250,13353
2020,Nov,South West,Neurology,193,3418
2020,Nov,South West,Neurosurgery,584,2187
2020,Nov,South West,Ophthalmology,5303,30676
2020,Nov,South West,Oral Surgery,3927,18328
2020,Nov,South West,Other,7032,37930
2020,Nov,South West,Plastic Surgery,443,2612
2020,Nov,South West,Rheumatology,117,2162
2020,Nov,South West,Thoracic Medicine,104,2019
2020,Nov,South West,Total,46035,244728
2020,Nov,South West,Trauma & Orthopaedics,15262,57331
2020,Nov,South West,Urology,2417,12950
2021,Feb,East of England,Cardiology,432,7600
2021,Feb,East of England,Cardiothoracic Surgery,51,475
2021,Feb,East of England,Dermatology,1296,11015
2021,Feb,East of England,"Ear, Nose & Throat (ENT)",7042,25698
2021,Feb,East of England,Gastroenterology,1879,11971
2021,Feb,East of England,General Medicine,182,1828
2021,Feb,East of England,General Surgery,8007,28427
2021,Feb,East of England,Geriatric Medicine,19,324
2021,Feb,East of England,Gynaecology,4429,17862
2021,Feb,East of England,Neurology,83,2388
2021,Feb,East of England,Neurosurgery,142,746
2021,Feb,East of England,Ophthalmology,10717,34851
2021,Feb,East of England,Oral Surgery,4570,12262
2021,Feb,East of England,Other,7811,34172
2021,Feb,East of England,Plastic Surgery,2364,6997
2021,Feb,East of England,Rheumatology,178,3143
2021,Feb,East of England,Thoracic Medicine,208,3186
2021,Feb,East of England,Total,77947,279180
2021,Feb,East of England,Trauma & Orthopaedics,23128,57864
2021,Feb,East of England,Urology,5409,18371
2021,Feb,London,Cardiology,1771,11908
2021,Feb,London,Cardiothoracic Surgery,69,1019
2021,Feb,London,Dermatology,672,9337
2021,Feb,London,"Ear, Nose & Throat (ENT)",10071,32513
2021,Feb,London,Gastroenterology,693,10837
2021,Feb,London,General Medicine,54,717
2021,Feb,London,General Surgery,7443,26276
2021,Feb,London,Geriatric Medicine,10,321
2021,Feb,London,Gynaecology,6100,25984
2021,Feb,London,Neurology,327,5092
2021,Feb,London,Neurosurgery,1376,5709
2021,Feb,London,Ophthalmology,4812,31874
2021,Feb,London,Oral Surgery,5120,12614
2021,Feb,London,Other,22606,85278
2021,Feb,London,Plastic Surgery,2026,5394
2021,Feb,London,Rheumatology,170,2712
2021,Feb,London,Thoracic Medicine,246,3845
2021,Feb,London,Total,77710,333951
2021,Feb,London,Trauma & Orthopaedics,10739,44158
2021,Feb,London,Urology,3405,18363
2021,Feb,Midlands,Cardiology,1047,12965
2021,Feb,Midlands,Cardiothoracic Surgery,80,716
2021,Feb,Midlands,Dermatology,1995,18686
2021,Feb,Midlands,"Ear, Nose & Throat (ENT)",13362,45629
2021,Feb,Midlands,Gastroenterology,2465,19205
2021,Feb,Midlands,General Medicine,110,2580
2021,Feb,Midlands,General Surgery,14122,46678
2021,Feb,Midlands,Geriatric Medicine,50,693
2021,Feb,Midlands,Gynaecology,7138,32169
2021,Feb,Midlands,Neurology,473,8107
2021,Feb,Midlands,Neurosurgery,893,3875
2021,Feb,Midlands,Ophthalmology,14728,58974
2021,Feb,Midlands,Oral Surgery,6913,18918
2021,Feb,Midlands,Other,19990,70560
2021,Feb,Midlands,Plastic Surgery,2096,5926
2021,Feb,Midlands,Rheumatology,270,5639
2021,Feb,Midlands,Thoracic Medicine,692,6092
2021,Feb,Midlands,Total,125551,490375
2021,Feb,Midlands,Trauma & Orthopaedics,28714,97712
2021,Feb,Midlands,Urology,10413,35251
2021,Feb,North East and Yorkshire,Cardiology,1559,9682
2021,Feb,North East and Yorkshire,Cardiothoracic Surgery,167,621
2021,Feb,North East and Yorkshire,Dermatology,2098,10286
2021,Feb,North East and Yorkshire,"Ear, Nose & Throat (ENT)",10258,30365
2021,Feb,North East and Yorkshire,Gastroenterology,1007,9240
2021,Feb,North East and Yorkshire,General Medicine,106,1251
2021,Feb,North East and Yorkshire,General Surgery,9315,34488
2021,Feb,North East and Yorkshire,Geriatric Medicine,18,260
2021,Feb,North East and Yorkshire,Gynaecology,5573,19761
2021,Feb,North East and Yorkshire,Neurology,498,4193
2021,Feb,North East and Yorkshire,Neurosurgery,1054,3710
2021,Feb,North East and Yorkshire,Ophthalmology,9975,36088
2021,Feb,North East and Yorkshire,Oral Surgery,4641,12993
2021,Feb,North East and Yorkshire,Other,11310,48386
2021,Feb,North East and Yorkshire,Plastic Surgery,5563,13412
2021,Feb,North East and Yorkshire,Rheumatology,145,2153
2021,Feb,North East and Yorkshire,Thoracic Medicine,457,3286
2021,Feb,North East and Yorkshire,Total,93434,329336
2021,Feb,North East and Yorkshire,Trauma & Orthopaedics,23770,67997
2021,Feb,North East and Yorkshire,Urology,5920,21164
2021,Feb,North West,Cardiology,774,6958
2021,Feb,North West,Cardiothoracic Surgery,310,1592
2021,Feb,North West,Dermatology,768,8129
2021,Feb,North West,"Ear, Nose & Throat (ENT)",11937,33394
2021,Feb,North West,Gastroenterology,2096,21056
2021,Feb,North West,General Medicine,1269,4842
2021,Feb,North West,General Surgery,15237,46317
2021,Feb,North West,Geriatric Medicine,17,604
2021,Feb,North West,Gynaecology,8554,35464
2021,Feb,North West,Neurology,950,6302
2021,Feb,North West,Neurosurgery,2090,7488
2021,Feb,North West,Ophthalmology,8399,33640
2021,Feb,North West,Oral Surgery,11950,24744
2021,Feb,North West,Other,13595,54635
2021,Feb,North West,Plastic Surgery,3455,9834
2021,Feb,North West,Rheumatology,161,3249
2021,Feb,North West,Thoracic Medicine,153,2588
2021,Feb,North West,Total,111811,392070
2021,Feb,North West,Trauma & Orthopaedics,23097,67746
2021,Feb,North West,Urology,6999,23488
2021,Feb,South East,Cardiology,376,6100
2021,Feb,South East,Cardiothoracic Surgery,113,535
2021,Feb,South East,Dermatology,552,7620
2021,Feb,South East,"Ear, Nose & Throat (ENT)",11985,35019
2021,Feb,South East,Gastroenterology,1673,18459
2021,Feb,South East,General Medicine,56,1706
2021,Feb,South East,General Surgery,8590,39647
2021,Feb,South East,Geriatric Medicine,4,411
2021,Feb,South East,Gynaecology,5003,25078
2021,Feb,South East,Neurology,226,5540
2021,Feb,South East,Neurosurgery,550,1808
2021,Feb,South East,Ophthalmology,12039,45435
2021,Feb,South East,Oral Surgery,4061,14354
2021,Feb,South East,Other,7416,34004
2021,Feb,South East,Plastic Surgery,2203,6099
2021,Feb,South East,Rheumatology,133,3408
2021,Feb,South East,Thoracic Medicine,128,2891
2021,Feb,South East,Total,80105,346669
2021,Feb,South East,Trauma & Orthopaedics,19663,74584
2021,Feb,South East,Urology,5334,23971
2021,Feb,South West,Cardiology,1662,9509
2021,Feb,South West,Cardiothoracic Surgery,240,1119
2021,Feb,South West,Dermatology,363,6591
2021,Feb,South West,"Ear, Nose & Throat (ENT)",6081,19749
2021,Feb,South West,Gastroenterology,896,10086
2021,Feb,South West,General Medicine,251,1798
2021,Feb,South West,General Surgery,4630,17659
2021,Feb,South West,Geriatric Medicine,39,388
2021,Feb,South West,Gynaecology,3426,15377
2021,Feb,South West,Neurology,480,3889
2021,Feb,South West,Neurosurgery,885,2388
2021,Feb,South West,Ophthalmology,9024,35172
2021,Feb,South West,Oral Surgery,6750,17006
2021,Feb,South West,Other,10937,41296
2021,Feb,South West,Plastic Surgery,755,3444
2021,Feb,South West,Rheumatology,252,2455
2021,Feb,South West,Thoracic Medicine,251,2218
2021,Feb,South West,Total,74664,265704
2021,Feb,South West,Trauma & Orthopaedics,24127,61425
2021,Feb,South West,Urology,3615,14135
2021,Mar,East of England,Cardiology,462,8739
2021,Mar,East of England,Cardiothoracic Surgery,55,555
2021,Mar,East of England,Dermatology,1678,11225
2021,Mar,East of England,"Ear, Nose & Throat (ENT)",7900,26234
2021,Mar,East of England,Gastroenterology,2060,12346
2021,Mar,East of England,General Medicine,214,1333
2021,Mar,East of England,General Surgery,8844,30667
2021,Mar,East of England,Geriatric Medicine,26,385
2021,Mar,East of England,Gynaecology,4867,20290
2021,Mar,East of England,Neurology,87,2727
2021,Mar,East of England,Neurosurgery,168,876
2021,Mar,East of England,Ophthalmology,11361,35234
2021,Mar,East of England,Oral Surgery,4820,12548
2021,Mar,East of England,Other,9271,38530
2021,Mar,East of England,Plastic Surgery,2558,7208
2021,Mar,East of England,Rheumatology,185,3394
2021,Mar,East of England,Thoracic Medicine,225,3535
2021,Mar,East of England,Total,86225,298272
2021,Mar,East of England,Trauma & Orthopaedics,25381,62539
2021,Mar,East of England,Urology,6063,19907
2021,Mar,London,Cardiology,2017,13806
2021,Mar,London,Cardiothoracic Surgery,69,1189
2021,Mar,London,Dermatology,1560,12572
2021,Mar,London,"Ear, Nose & Throat (ENT)",13160,39255
2021,Mar,London,Gastroenterology,1526,14870
2021,Mar,London,General Medicine,69,966
2021,Mar,London,General Surgery,8480,30252
2021,Mar,London,Geriatric Medicine,16,343
2021,Mar,London,Gynaecology,7349,31306
2021,Mar,London,Neurology,385,5955
2021,Mar,London,Neurosurgery,1391,6115
2021,Mar,London,Ophthalmology,7104,38770
2021,Mar,London,Oral Surgery,5318,13843
2021,Mar,London,Other,31935,107321
2021,Mar,London,Plastic Surgery,4451,9186
2021,Mar,London,Rheumatology,316,4006
2021,Mar,London,Thoracic Medicine,311,5159
2021,Mar,London,Total,103718,410759
2021,Mar,London,Trauma & Orthopaedics,13829,53476
2021,Mar,London,Urology,4432,22369
2021,Mar,Midlands,Cardiology,1343,14448
2021,Mar,Midlands,Cardiothoracic Surgery,92,903
2021,Mar,Midlands,Dermatology,3105,19957
2021,Mar,Midlands,"Ear, Nose & Throat (ENT)",16230,49483
2021,Mar,Midlands,Gastroenterology,2991,21394
2021,Mar,Midlands,General Medicine,116,2773
2021,Mar,Midlands,General Surgery,16218,49995
2021,Mar,Midlands,Geriatric Medicine,73,772
2021,Mar,Midlands,Gynaecology,8218,35900
2021,Mar,Midlands,Neurology,729,9387
2021,Mar,Midlands,Neurosurgery,1025,4370
2021,Mar,Midlands,Ophthalmology,18030,65182
2021,Mar,Midlands,Oral Surgery,8163,20330
2021,Mar,Midlands,Other,23758,79222
2021,Mar,Midlands,Plastic Surgery,2435,6421
2021,Mar,Midlands,Rheumatology,388,6690
2021,Mar,Midlands,Thoracic Medicine,846,6930
2021,Mar,Midlands,Total,148923,539528
2021,Mar,Midlands,Trauma & Orthopaedics,32803,107104
2021,Mar,Midlands,Urology,12360,38267
2021,Mar,North East and Yorkshire,Cardiology,1619,10223
2021,Mar,North East and Yorkshire,Cardiothoracic Surgery,171,675
2021,Mar,North East and Yorkshire,Dermatology,2230,9991
2021,Mar,North East and Yorkshire,"Ear, Nose & Throat (ENT)",10696,30816
2021,Mar,North East and Yorkshire,Gastroenterology,1105,9730
2021,Mar,North East and Yorkshire,General Medicine,140,1293
2021,Mar,North East and Yorkshire,General Surgery,9872,35642
2021,Mar,North East and Yorkshire,Geriatric Medicine,10,247
2021,Mar,North East and Yorkshire,Gynaecology,5820,20811
2021,Mar,North East and Yorkshire,Neurology,469,4487
2021,Mar,North East and Yorkshire,Neurosurgery,1071,3793
2021,Mar,North East and Yorkshire,Ophthalmology,10913,36592
2021,Mar,North East and Yorkshire,Oral Surgery,4758,13259
2021,Mar,North East and Yorkshire,Other,12113,48892
2021,Mar,North East and Yorkshire,Plastic Surgery,5916,13952
2021,Mar,North East and Yorkshire,Rheumatology,152,2202
2021,Mar,North East and Yorkshire,Thoracic Medicine,451,3555
2021,Mar,North East and Yorkshire,Total,98490,336813
2021,Mar,North East and Yorkshire,Trauma & Orthopaedics,24795,68846
2021,Mar,North East and Yorkshire,Urology,6189,21807
2021,Mar,North West,Cardiology,834,7130
2021,Mar,North West,Cardiothoracic Surgery,379,1757
2021,Mar,North West,Dermatology,702,7602
2021,Mar,North West,"Ear, Nose & Throat (ENT)",13305,33768
2021,Mar,North West,Gastroenterology,2663,21447
2021,Mar,North West,General Medicine,1395,5034
2021,Mar,North West,General Surgery,16790,47740
2021,Mar,North West,Geriatric Medicine,20,569
2021,Mar,North West,Gynaecology,9552,36743
2021,Mar,North West,Neurology,1023,6430
2021,Mar,North West,Neurosurgery,2200,7478
2021,Mar,North West,Ophthalmology,9843,34759
2021,Mar,North West,Oral Surgery,12885,24579
2021,Mar,North West,Other,15195,54997
2021,Mar,North West,Plastic Surgery,3831,9898
2021,Mar,North West,Rheumatology,230,3408
2021,Mar,North West,Thoracic Medicine,168,2564
2021,Mar,North West,Total,124503,399785
2021,Mar,North West,Trauma & Orthopaedics,25805,70341
2021,Mar,North West,Urology,7683,23541
2021,Mar,South East,Cardiology,366,6521
2021,Mar,South East,Cardiothoracic Surgery,147,604
2021,Mar,South East,Dermatology,420,7574
2021,Mar,South East,"Ear, Nose & Throat (ENT)",13638,37066
2021,Mar,South East,Gastroenterology,2107,19704
2021,Mar,South East,General Medicine,68,1772
2021,Mar,South East,General Surgery,9651,43907
2021,Mar,South East,Geriatric Medicine,2,462
2021,Mar,South East,Gynaecology,5631,27973
2021,Mar,South East,Neurology,225,5741
2021,Mar,South East,Neurosurgery,567,1863
2021,Mar,South East,Ophthalmology,12981,49498
2021,Mar,South East,Oral Surgery,4923,16104
2021,Mar,South East,Other,8111,36363
2021,Mar,South East,Plastic Surgery,2470,6629
2021,Mar,South East,Rheumatology,199,3835
2021,Mar,South East,Thoracic Medicine,171,3130
2021,Mar,South East,Total,89907,376352
2021,Mar,South East,Trauma & Orthopaedics,22521,82064
2021,Mar,South East,Urology,5709,25542
2021,Mar,South West,Cardiology,1685,10221
2021,Mar,South West,Cardiothoracic Surgery,282,1228
2021,Mar,South West,Dermatology,365,7029
2021,Mar,South West,"Ear, Nose & Throat (ENT)",7166,20791
2021,Mar,South West,Gastroenterology,1149,10877
2021,Mar,South West,General Medicine,223,2069
2021,Mar,South West,General Surgery,4871,18374
2021,Mar,South West,Geriatric Medicine,34,449
2021,Mar,South West,Gynaecology,3710,16757
2021,Mar,South West,Neurology,566,4211
2021,Mar,South West,Neurosurgery,896,2409
2021,Mar,South West,Ophthalmology,10413,37658
2021,Mar,South West,Oral Surgery,7366,17873
2021,Mar,South West,Other,12022,44242
2021,Mar,South West,Plastic Surgery,785,3616
2021,Mar,South West,Rheumatology,323,2821
2021,Mar,South West,Thoracic Medicine,271,2325
2021,Mar,South West,Total,81956,281941
2021,Mar,South West,Trauma & Orthopaedics,25984,64350
2021,Mar,South West,Urology,3845,14641
