Year,Month,hb19_code,Specialty,Total waiting < 18 weeks,Total waiting > 18 weeks
2011,Jan,S08000015,All Specialties,4299,1670
2011,Feb,S08000015,All Specialties,4742,1686
2011,Mar,S08000015,All Specialties,5760,1566
2011,Apr,S08000015,All Specialties,3978,936
2011,May,S08000015,All Specialties,4850,957
2011,Jun,S08000015,All Specialties,5470,884
2011,Jul,S08000015,All Specialties,4864,837
2011,Aug,S08000015,All Specialties,6555,829
2011,Sep,S08000015,All Specialties,5702,749
2011,Oct,S08000015,All Specialties,5498,802
2011,Nov,S08000015,All Specialties,6098,822
2011,Dec,S08000015,All Specialties,5753,556
2012,Jan,S08000015,All Specialties,6362,566
2012,Feb,S08000015,All Specialties,6660,525
2012,Mar,S08000015,All Specialties,6483,548
2012,Apr,S08000015,All Specialties,5460,450
2012,May,S08000015,All Specialties,6811,486
2012,Jun,S08000015,All Specialties,6088,525
2012,Jul,S08000015,All Specialties,5880,545
2012,Aug,S08000015,All Specialties,6473,690
2012,Sep,S08000015,All Specialties,5673,661
2012,Oct,S08000015,All Specialties,6671,680
2012,Nov,S08000015,All Specialties,6555,726
2012,Dec,S08000015,All Specialties,5569,496
2013,Jan,S08000015,All Specialties,6649,628
2013,Feb,S08000015,All Specialties,6397,665
2013,Mar,S08000015,All Specialties,6052,518
2013,Apr,S08000015,All Specialties,6000,523
2013,May,S08000015,All Specialties,6288,483
2013,Jun,S08000015,All Specialties,5973,455
2013,Jul,S08000015,All Specialties,6091,488
2013,Aug,S08000015,All Specialties,6468,535
2013,Sep,S08000015,All Specialties,5961,507
2013,Oct,S08000015,All Specialties,6892,582
2013,Nov,S08000015,All Specialties,6253,612
2013,Dec,S08000015,All Specialties,5691,438
2014,Jan,S08000015,All Specialties,6289,673
2014,Feb,S08000015,All Specialties,5858,622
2014,Mar,S08000015,All Specialties,6151,645
2014,Apr,S08000015,All Specialties,5890,562
2014,May,S08000015,All Specialties,6251,561
2014,Jun,S08000015,All Specialties,7094,626
2014,Jul,S08000015,All Specialties,6389,710
2014,Aug,S08000015,All Specialties,5841,934
2014,Sep,S08000015,All Specialties,6389,1040
2014,Oct,S08000015,All Specialties,6652,1142
2014,Nov,S08000015,All Specialties,5787,1335
2014,Dec,S08000015,All Specialties,5444,1132
2015,Jan,S08000015,All Specialties,5689,1606
2015,Feb,S08000015,All Specialties,5370,1535
2015,Mar,S08000015,All Specialties,6284,1732
2015,Apr,S08000015,All Specialties,5279,1391
2015,May,S08000015,All Specialties,5774,1237
2015,Jun,S08000015,All Specialties,5822,1433
2015,Jul,S08000015,All Specialties,5557,1481
2015,Aug,S08000015,All Specialties,5331,1491
2015,Sep,S08000015,All Specialties,5778,1864
2015,Oct,S08000015,All Specialties,4572,1866
2015,Nov,S08000015,All Specialties,5966,1936
2015,Dec,S08000015,All Specialties,5197,1526
2016,Jan,S08000015,All Specialties,4781,1488
2016,Feb,S08000015,All Specialties,5198,1806
2016,Mar,S08000015,All Specialties,5514,1839
2016,Apr,S08000015,All Specialties,4781,1668
2016,May,S08000015,All Specialties,5270,1686
2016,Jun,S08000015,All Specialties,5663,1914
2016,Jul,S08000015,All Specialties,4521,1743
2016,Aug,S08000015,All Specialties,5555,1968
2016,Sep,S08000015,All Specialties,5349,2040
2016,Oct,S08000015,All Specialties,4970,1905
2016,Nov,S08000015,All Specialties,5776,2288
2016,Dec,S08000015,All Specialties,4763,1843
2017,Jan,S08000015,All Specialties,5220,2047
2017,Feb,S08000015,All Specialties,5426,2191
2017,Mar,S08000015,All Specialties,5878,2113
2017,Apr,S08000015,All Specialties,4331,1434
2017,May,S08000015,All Specialties,5720,1603
2017,Jun,S08000015,All Specialties,5756,1775
2017,Jul,S08000015,All Specialties,4745,1635
2017,Aug,S08000015,All Specialties,5260,1886
2017,Sep,S08000015,All Specialties,4528,1564
2017,Oct,S08000015,All Specialties,5114,1770
2017,Nov,S08000015,All Specialties,5860,1853
2017,Dec,S08000015,All Specialties,4575,1379
2018,Jan,S08000015,All Specialties,5468,1596
2018,Feb,S08000015,All Specialties,4992,1407
2018,Mar,S08000015,All Specialties,5220,1418
2018,Apr,S08000015,All Specialties,4948,1353
2018,May,S08000015,All Specialties,5948,1341
2018,Jun,S08000015,All Specialties,5259,1174
2018,Jul,S08000015,All Specialties,5293,1233
2018,Aug,S08000015,All Specialties,6011,1371
2018,Sep,S08000015,All Specialties,5494,1358
2018,Oct,S08000015,All Specialties,5755,1657
2018,Nov,S08000015,All Specialties,5993,1638
2018,Dec,S08000015,All Specialties,4594,1319
2019,Jan,S08000015,All Specialties,5613,1672
2019,Feb,S08000015,All Specialties,5114,1515
2019,Mar,S08000015,All Specialties,5559,1788
2019,Apr,S08000015,All Specialties,5447,1706
2019,May,S08000015,All Specialties,6434,1599
2019,Jun,S08000015,All Specialties,5567,1508
2019,Jul,S08000015,All Specialties,5864,1531
2019,Aug,S08000015,All Specialties,6123,1698
2019,Sep,S08000015,All Specialties,5798,1437
2019,Oct,S08000015,All Specialties,6502,1545
2019,Nov,S08000015,All Specialties,6435,1548
2019,Dec,S08000015,All Specialties,5224,1144
2020,Jan,S08000015,All Specialties,5584,1481
2020,Feb,S08000015,All Specialties,5451,1392
2020,Mar,S08000015,All Specialties,4374,950
2020,Apr,S08000015,All Specialties,1239,87
2020,May,S08000015,All Specialties,1327,123
2020,Jun,S08000015,All Specialties,1713,476
2020,Jul,S08000015,All Specialties,1885,725
2020,Aug,S08000015,All Specialties,1885,1014
2020,Sep,S08000015,All Specialties,2228,1072
2020,Oct,S08000015,All Specialties,2574,1078
2020,Nov,S08000015,All Specialties,2669,1179
2020,Dec,S08000015,All Specialties,2479,1010
2021,Jan,S08000015,All Specialties,2533,867
2021,Feb,S08000015,All Specialties,2217,870
2021,Mar,S08000015,All Specialties,3030,1419
2021,Apr,S08000015,All Specialties,2998,1282
2021,May,S08000015,All Specialties,2928,1849
2021,Jun,S08000015,All Specialties,3567,1877
2021,Jul,S08000015,All Specialties,2980,1579
2021,Aug,S08000015,All Specialties,3172,1847
2021,Sep,S08000015,All Specialties,3088,1727
2021,Oct,S08000015,All Specialties,3043,1719
2021,Nov,S08000015,All Specialties,3763,2166
2021,Dec,S08000015,All Specialties,3201,1532
2022,Jan,S08000015,All Specialties,2393,815
2022,Feb,S08000015,All Specialties,3180,1699
2022,Mar,S08000015,All Specialties,3712,2055
2011,Jan,S08000016,All Specialties,1284,108
2011,Feb,S08000016,All Specialties,1355,128
2011,Mar,S08000016,All Specialties,1691,194
2011,Apr,S08000016,All Specialties,1479,178
2011,May,S08000016,All Specialties,1645,156
2011,Jun,S08000016,All Specialties,1861,128
2011,Jul,S08000016,All Specialties,1402,119
2011,Aug,S08000016,All Specialties,1996,155
2011,Sep,S08000016,All Specialties,1827,148
2011,Oct,S08000016,All Specialties,1734,163
2011,Nov,S08000016,All Specialties,1812,193
2011,Dec,S08000016,All Specialties,1628,154
2012,Jan,S08000016,All Specialties,2321,252
2012,Feb,S08000016,All Specialties,2899,270
2012,Mar,S08000016,All Specialties,2651,227
2012,Apr,S08000016,All Specialties,2372,182
2012,May,S08000016,All Specialties,3198,156
2012,Jun,S08000016,All Specialties,2599,101
2012,Jul,S08000016,All Specialties,2771,112
2012,Aug,S08000016,All Specialties,2809,164
2012,Sep,S08000016,All Specialties,2503,152
2012,Oct,S08000016,All Specialties,2822,129
2012,Nov,S08000016,All Specialties,2506,173
2012,Dec,S08000016,All Specialties,2088,154
2013,Jan,S08000016,All Specialties,2434,230
2013,Feb,S08000016,All Specialties,2218,236
2013,Mar,S08000016,All Specialties,2384,242
2013,Apr,S08000016,All Specialties,2571,247
2013,May,S08000016,All Specialties,3075,280
2013,Jun,S08000016,All Specialties,2598,200
2013,Jul,S08000016,All Specialties,2886,202
2013,Aug,S08000016,All Specialties,3019,236
2013,Sep,S08000016,All Specialties,2831,249
2013,Oct,S08000016,All Specialties,2867,295
2013,Nov,S08000016,All Specialties,2660,294
2013,Dec,S08000016,All Specialties,2534,221
2014,Jan,S08000016,All Specialties,2660,294
2014,Feb,S08000016,All Specialties,2626,292
2014,Mar,S08000016,All Specialties,2633,290
2014,Apr,S08000016,All Specialties,2749,292
2014,May,S08000016,All Specialties,2696,281
2014,Jun,S08000016,All Specialties,2593,282
2014,Jul,S08000016,All Specialties,2830,260
2014,Aug,S08000016,All Specialties,2562,273
2014,Sep,S08000016,All Specialties,2511,260
2014,Oct,S08000016,All Specialties,2725,301
2014,Nov,S08000016,All Specialties,2647,293
2014,Dec,S08000016,All Specialties,2527,256
2015,Jan,S08000016,All Specialties,2679,296
2015,Feb,S08000016,All Specialties,2574,287
2015,Mar,S08000016,All Specialties,2743,301
2015,Apr,S08000016,All Specialties,2680,278
2015,May,S08000016,All Specialties,2412,260
2015,Jun,S08000016,All Specialties,2544,268
2015,Jul,S08000016,All Specialties,2479,256
2015,Aug,S08000016,All Specialties,2487,273
2015,Sep,S08000016,All Specialties,2705,295
2015,Oct,S08000016,All Specialties,2547,273
2015,Nov,S08000016,All Specialties,2535,283
2015,Dec,S08000016,All Specialties,2425,267
2016,Jan,S08000016,All Specialties,2262,232
2016,Feb,S08000016,All Specialties,2617,291
2016,Mar,S08000016,All Specialties,3245,284
2016,Apr,S08000016,All Specialties,2820,314
2016,May,S08000016,All Specialties,3144,273
2016,Jun,S08000016,All Specialties,2904,248
2016,Jul,S08000016,All Specialties,2458,235
2016,Aug,S08000016,All Specialties,3044,288
2016,Sep,S08000016,All Specialties,3134,261
2016,Oct,S08000016,All Specialties,2594,257
2016,Nov,S08000016,All Specialties,2810,307
2016,Dec,S08000016,All Specialties,2408,246
2017,Jan,S08000016,All Specialties,2727,304
2017,Feb,S08000016,All Specialties,2512,280
2017,Mar,S08000016,All Specialties,2996,333
2017,Apr,S08000016,All Specialties,2361,261
2017,May,S08000016,All Specialties,2920,298
2017,Jun,S08000016,All Specialties,2890,280
2017,Jul,S08000016,All Specialties,2391,249
2017,Aug,S08000016,All Specialties,2661,410
2017,Sep,S08000016,All Specialties,2542,485
2017,Oct,S08000016,All Specialties,2556,414
2017,Nov,S08000016,All Specialties,2717,436
2017,Dec,S08000016,All Specialties,2351,376
2018,Jan,S08000016,All Specialties,2559,534
2018,Feb,S08000016,All Specialties,2605,435
2018,Mar,S08000016,All Specialties,2380,365
2018,Apr,S08000016,All Specialties,2262,251
2018,May,S08000016,All Specialties,2706,265
2018,Jun,S08000016,All Specialties,2451,255
2018,Jul,S08000016,All Specialties,2217,246
2018,Aug,S08000016,All Specialties,2297,256
2018,Sep,S08000016,All Specialties,2189,244
2018,Oct,S08000016,All Specialties,2407,263
2018,Nov,S08000016,All Specialties,2484,202
2018,Dec,S08000016,All Specialties,1850,196
2019,Jan,S08000016,All Specialties,2342,256
2019,Feb,S08000016,All Specialties,2311,258
2019,Mar,S08000016,All Specialties,2443,268
2019,Apr,S08000016,All Specialties,2142,217
2019,May,S08000016,All Specialties,2443,255
2019,Jun,S08000016,All Specialties,1957,216
2019,Jul,S08000016,All Specialties,2120,219
2019,Aug,S08000016,All Specialties,2182,243
2019,Sep,S08000016,All Specialties,2373,253
2019,Oct,S08000016,All Specialties,2210,246
2019,Nov,S08000016,All Specialties,2202,344
2019,Dec,S08000016,All Specialties,2029,212
2020,Jan,S08000016,All Specialties,2327,255
2020,Feb,S08000016,All Specialties,1970,218
2020,Mar,S08000016,All Specialties,1881,200
2020,Apr,S08000016,All Specialties,447,19
2020,May,S08000016,All Specialties,728,78
2020,Jun,S08000016,All Specialties,921,101
2020,Jul,S08000016,All Specialties,923,290
2020,Aug,S08000016,All Specialties,911,327
2020,Sep,S08000016,All Specialties,1189,621
2020,Oct,S08000016,All Specialties,1209,361
2020,Nov,S08000016,All Specialties,1292,399
2020,Dec,S08000016,All Specialties,1101,325
2021,Jan,S08000016,All Specialties,1137,440
2021,Feb,S08000016,All Specialties,1138,363
2021,Mar,S08000016,All Specialties,1352,464
2021,Apr,S08000016,All Specialties,1225,371
2021,May,S08000016,All Specialties,1422,327
2021,Jun,S08000016,All Specialties,1475,381
2021,Jul,S08000016,All Specialties,1272,352
2021,Aug,S08000016,All Specialties,1361,384
2021,Sep,S08000016,All Specialties,1537,341
2021,Oct,S08000016,All Specialties,1173,356
2021,Nov,S08000016,All Specialties,1510,515
2021,Dec,S08000016,All Specialties,1329,437
2022,Jan,S08000016,All Specialties,1196,462
2022,Feb,S08000016,All Specialties,1163,621
2022,Mar,S08000016,All Specialties,1615,848
2011,Jan,S08000017,All Specialties,2169,412
2011,Feb,S08000017,All Specialties,2361,469
2011,Mar,S08000017,All Specialties,2565,515
2011,Apr,S08000017,All Specialties,1998,247
2011,May,S08000017,All Specialties,2543,291
2011,Jun,S08000017,All Specialties,2668,347
2011,Jul,S08000017,All Specialties,2053,386
2011,Aug,S08000017,All Specialties,2556,404
2011,Sep,S08000017,All Specialties,2580,300
2011,Oct,S08000017,All Specialties,2226,274
2011,Nov,S08000017,All Specialties,2528,280
2011,Dec,S08000017,All Specialties,2047,148
2012,Jan,S08000017,All Specialties,2141,149
2012,Feb,S08000017,All Specialties,1921,164
2012,Mar,S08000017,All Specialties,2303,70
2012,Apr,S08000017,All Specialties,2303,84
2012,May,S08000017,All Specialties,3222,173
2012,Jun,S08000017,All Specialties,2618,124
2012,Jul,S08000017,All Specialties,2225,161
2012,Aug,S08000017,All Specialties,2375,188
2012,Sep,S08000017,All Specialties,2298,199
2012,Oct,S08000017,All Specialties,2301,173
2012,Nov,S08000017,All Specialties,2405,171
2012,Dec,S08000017,All Specialties,1928,119
2013,Jan,S08000017,All Specialties,2236,161
2013,Feb,S08000017,All Specialties,2188,172
2013,Mar,S08000017,All Specialties,2052,126
2013,Apr,S08000017,All Specialties,2173,150
2013,May,S08000017,All Specialties,2276,124
2013,Jun,S08000017,All Specialties,2055,81
2013,Jul,S08000017,All Specialties,2213,97
2013,Aug,S08000017,All Specialties,2104,182
2013,Sep,S08000017,All Specialties,2154,183
2013,Oct,S08000017,All Specialties,2203,161
2013,Nov,S08000017,All Specialties,2155,187
2013,Dec,S08000017,All Specialties,1968,148
2014,Jan,S08000017,All Specialties,2324,169
2014,Feb,S08000017,All Specialties,2276,192
2014,Mar,S08000017,All Specialties,2166,204
2014,Apr,S08000017,All Specialties,2133,180
2014,May,S08000017,All Specialties,2334,206
2014,Jun,S08000017,All Specialties,2347,157
2014,Jul,S08000017,All Specialties,2390,172
2014,Aug,S08000017,All Specialties,2166,192
2014,Sep,S08000017,All Specialties,2381,247
2014,Oct,S08000017,All Specialties,2385,231
2014,Nov,S08000017,All Specialties,2247,219
2014,Dec,S08000017,All Specialties,2002,201
2015,Jan,S08000017,All Specialties,2123,221
2015,Feb,S08000017,All Specialties,2065,231
2015,Mar,S08000017,All Specialties,2473,263
2015,Apr,S08000017,All Specialties,2192,197
2015,May,S08000017,All Specialties,2194,197
2015,Jun,S08000017,All Specialties,2273,261
2015,Jul,S08000017,All Specialties,2458,297
2015,Aug,S08000017,All Specialties,2421,276
2015,Sep,S08000017,All Specialties,2419,259
2015,Oct,S08000017,All Specialties,2202,265
2015,Nov,S08000017,All Specialties,2493,273
2015,Dec,S08000017,All Specialties,2144,219
2016,Jan,S08000017,All Specialties,2204,234
2016,Feb,S08000017,All Specialties,2237,249
2016,Mar,S08000017,All Specialties,2256,248
2016,Apr,S08000017,All Specialties,2252,265
2016,May,S08000017,All Specialties,2456,280
2016,Jun,S08000017,All Specialties,2475,268
2016,Jul,S08000017,All Specialties,2034,255
2016,Aug,S08000017,All Specialties,2284,268
2016,Sep,S08000017,All Specialties,2429,290
2016,Oct,S08000017,All Specialties,2199,218
2016,Nov,S08000017,All Specialties,2276,252
2016,Dec,S08000017,All Specialties,1935,228
2017,Jan,S08000017,All Specialties,2122,254
2017,Feb,S08000017,All Specialties,2091,222
2017,Mar,S08000017,All Specialties,2340,275
2017,Apr,S08000017,All Specialties,1868,250
2017,May,S08000017,All Specialties,2221,244
2017,Jun,S08000017,All Specialties,2148,231
2017,Jul,S08000017,All Specialties,1952,219
2017,Aug,S08000017,All Specialties,2167,205
2017,Sep,S08000017,All Specialties,2024,249
2017,Oct,S08000017,All Specialties,1877,221
2017,Nov,S08000017,All Specialties,2142,294
2017,Dec,S08000017,All Specialties,1583,248
2018,Jan,S08000017,All Specialties,1887,279
2018,Feb,S08000017,All Specialties,1879,302
2018,Mar,S08000017,All Specialties,2065,392
2018,Apr,S08000017,All Specialties,1979,358
2018,May,S08000017,All Specialties,2257,273
2018,Jun,S08000017,All Specialties,2119,209
2018,Jul,S08000017,All Specialties,1927,239
2018,Aug,S08000017,All Specialties,2205,218
2018,Sep,S08000017,All Specialties,1965,206
2018,Oct,S08000017,All Specialties,2280,247
2018,Nov,S08000017,All Specialties,2347,277
2018,Dec,S08000017,All Specialties,1699,191
2019,Jan,S08000017,All Specialties,2105,237
2019,Feb,S08000017,All Specialties,1859,319
2019,Mar,S08000017,All Specialties,1989,284
2019,Apr,S08000017,All Specialties,1964,244
2019,May,S08000017,All Specialties,2121,289
2019,Jun,S08000017,All Specialties,1924,247
2019,Jul,S08000017,All Specialties,1980,259
2019,Aug,S08000017,All Specialties,1805,325
2019,Sep,S08000017,All Specialties,1974,344
2019,Oct,S08000017,All Specialties,2123,359
2019,Nov,S08000017,All Specialties,1946,399
2019,Dec,S08000017,All Specialties,1684,319
2020,Jan,S08000017,All Specialties,2041,437
2020,Feb,S08000017,All Specialties,1842,380
2020,Mar,S08000017,All Specialties,1453,237
2020,Apr,S08000017,All Specialties,348,39
2020,May,S08000017,All Specialties,540,58
2020,Jun,S08000017,All Specialties,719,101
2020,Jul,S08000017,All Specialties,713,357
2020,Aug,S08000017,All Specialties,814,467
2020,Sep,S08000017,All Specialties,1009,674
2020,Oct,S08000017,All Specialties,1181,524
2020,Nov,S08000017,All Specialties,1265,477
2020,Dec,S08000017,All Specialties,1271,401
2021,Jan,S08000017,All Specialties,821,108
2021,Feb,S08000017,All Specialties,893,176
2021,Mar,S08000017,All Specialties,1346,495
2021,Apr,S08000017,All Specialties,1272,501
2021,May,S08000017,All Specialties,1336,555
2021,Jun,S08000017,All Specialties,1455,557
2021,Jul,S08000017,All Specialties,1389,416
2021,Aug,S08000017,All Specialties,1322,471
2021,Sep,S08000017,All Specialties,1599,489
2021,Oct,S08000017,All Specialties,1269,407
2021,Nov,S08000017,All Specialties,1542,413
2021,Dec,S08000017,All Specialties,1116,345
2022,Jan,S08000017,All Specialties,1282,378
2022,Feb,S08000017,All Specialties,1256,442
2022,Mar,S08000017,All Specialties,1354,518
2011,Jan,S08000019,All Specialties,3677,802
2011,Feb,S08000019,All Specialties,3793,755
2011,Mar,S08000019,All Specialties,4241,727
2011,Apr,S08000019,All Specialties,3205,519
2011,May,S08000019,All Specialties,4105,531
2011,Jun,S08000019,All Specialties,4526,604
2011,Jul,S08000019,All Specialties,3319,431
2011,Aug,S08000019,All Specialties,3819,344
2011,Sep,S08000019,All Specialties,4362,461
2011,Oct,S08000019,All Specialties,3985,365
2011,Nov,S08000019,All Specialties,4246,394
2011,Dec,S08000019,All Specialties,4097,333
2012,Jan,S08000019,All Specialties,4150,449
2012,Feb,S08000019,All Specialties,4736,473
2012,Mar,S08000019,All Specialties,5989,645
2012,Apr,S08000019,All Specialties,4656,491
2012,May,S08000019,All Specialties,6131,616
2012,Jun,S08000019,All Specialties,5043,663
2012,Jul,S08000019,All Specialties,4767,827
2012,Aug,S08000019,All Specialties,5424,804
2012,Sep,S08000019,All Specialties,4600,933
2012,Oct,S08000019,All Specialties,5313,1032
2012,Nov,S08000019,All Specialties,5194,1147
2012,Dec,S08000019,All Specialties,4380,881
2013,Jan,S08000019,All Specialties,4459,1090
2013,Feb,S08000019,All Specialties,4427,950
2013,Mar,S08000019,All Specialties,4384,1039
2013,Apr,S08000019,All Specialties,4389,1185
2013,May,S08000019,All Specialties,4845,1009
2013,Jun,S08000019,All Specialties,4751,852
2013,Jul,S08000019,All Specialties,4419,819
2013,Aug,S08000019,All Specialties,4915,1109
2013,Sep,S08000019,All Specialties,4366,1022
2013,Oct,S08000019,All Specialties,4439,1219
2013,Nov,S08000019,All Specialties,4810,1194
2013,Dec,S08000019,All Specialties,4237,995
2014,Jan,S08000019,All Specialties,5407,1165
2014,Feb,S08000019,All Specialties,4369,1165
2014,Mar,S08000019,All Specialties,4910,1168
2014,Apr,S08000019,All Specialties,4809,1077
2014,May,S08000019,All Specialties,5461,973
2014,Jun,S08000019,All Specialties,5361,794
2014,Jul,S08000019,All Specialties,5049,696
2014,Aug,S08000019,All Specialties,5196,773
2014,Sep,S08000019,All Specialties,5470,776
2014,Oct,S08000019,All Specialties,5086,725
2014,Nov,S08000019,All Specialties,5064,766
2014,Dec,S08000019,All Specialties,4911,565
2015,Jan,S08000019,All Specialties,5170,697
2015,Feb,S08000019,All Specialties,5327,610
2015,Mar,S08000019,All Specialties,5587,636
2015,Apr,S08000019,All Specialties,5404,476
2015,May,S08000019,All Specialties,5524,372
2015,Jun,S08000019,All Specialties,5981,389
2015,Jul,S08000019,All Specialties,5511,399
2015,Aug,S08000019,All Specialties,6015,412
2015,Sep,S08000019,All Specialties,6642,473
2015,Oct,S08000019,All Specialties,6058,442
2015,Nov,S08000019,All Specialties,5854,572
2015,Dec,S08000019,All Specialties,5454,628
2016,Jan,S08000019,All Specialties,4983,684
2016,Feb,S08000019,All Specialties,5060,901
2016,Mar,S08000019,All Specialties,5813,995
2016,Apr,S08000019,All Specialties,4962,709
2016,May,S08000019,All Specialties,5591,732
2016,Jun,S08000019,All Specialties,5312,874
2016,Jul,S08000019,All Specialties,4268,1007
2016,Aug,S08000019,All Specialties,5542,1164
2016,Sep,S08000019,All Specialties,5181,1218
2016,Oct,S08000019,All Specialties,4876,1137
2016,Nov,S08000019,All Specialties,5416,1295
2016,Dec,S08000019,All Specialties,4507,1148
2017,Jan,S08000019,All Specialties,4997,1258
2017,Feb,S08000019,All Specialties,4857,1186
2017,Mar,S08000019,All Specialties,6047,1572
2017,Apr,S08000019,All Specialties,4646,790
2017,May,S08000019,All Specialties,6384,954
2017,Jun,S08000019,All Specialties,5935,931
2017,Jul,S08000019,All Specialties,5044,768
2017,Aug,S08000019,All Specialties,5857,1054
2017,Sep,S08000019,All Specialties,5413,1002
2017,Oct,S08000019,All Specialties,5533,1141
2017,Nov,S08000019,All Specialties,5733,1246
2017,Dec,S08000019,All Specialties,4686,822
2018,Jan,S08000019,All Specialties,5509,1101
2018,Feb,S08000019,All Specialties,4745,994
2018,Mar,S08000019,All Specialties,5370,1072
2018,Apr,S08000019,All Specialties,5138,1014
2018,May,S08000019,All Specialties,6060,1062
2018,Jun,S08000019,All Specialties,5409,946
2018,Jul,S08000019,All Specialties,4756,749
2018,Aug,S08000019,All Specialties,5811,1011
2018,Sep,S08000019,All Specialties,4959,1063
2018,Oct,S08000019,All Specialties,5716,1364
2018,Nov,S08000019,All Specialties,5806,1280
2018,Dec,S08000019,All Specialties,5017,1060
2019,Jan,S08000019,All Specialties,6040,1382
2019,Feb,S08000019,All Specialties,5792,1128
2019,Mar,S08000019,All Specialties,5843,1125
2019,Apr,S08000019,All Specialties,4934,975
2019,May,S08000019,All Specialties,3810,1035
2019,Jun,S08000019,All Specialties,3779,973
2019,Jul,S08000019,All Specialties,3851,1005
2019,Aug,S08000019,All Specialties,3741,1125
2019,Sep,S08000019,All Specialties,3900,1225
2019,Oct,S08000019,All Specialties,3973,1132
2019,Nov,S08000019,All Specialties,3968,1312
2019,Dec,S08000019,All Specialties,3867,1274
2020,Jan,S08000019,All Specialties,4152,1390
2020,Feb,S08000019,All Specialties,3822,1434
2020,Mar,S08000019,All Specialties,3267,1150
2020,Apr,S08000019,All Specialties,1140,326
2020,May,S08000019,All Specialties,1223,411
2020,Jun,S08000019,All Specialties,1783,814
2020,Jul,S08000019,All Specialties,1868,925
2020,Aug,S08000019,All Specialties,1862,1152
2020,Sep,S08000019,All Specialties,2457,1556
2020,Oct,S08000019,All Specialties,2509,1200
2020,Nov,S08000019,All Specialties,3019,1245
2020,Dec,S08000019,All Specialties,2771,970
2021,Jan,S08000019,All Specialties,2532,831
2021,Feb,S08000019,All Specialties,2142,879
2021,Mar,S08000019,All Specialties,3224,1499
2021,Apr,S08000019,All Specialties,2618,1313
2021,May,S08000019,All Specialties,3233,1321
2021,Jun,S08000019,All Specialties,3312,1389
2021,Jul,S08000019,All Specialties,3065,1154
2021,Aug,S08000019,All Specialties,3413,1371
2021,Sep,S08000019,All Specialties,3259,1503
2021,Oct,S08000019,All Specialties,3218,1353
2021,Nov,S08000019,All Specialties,3623,1677
2021,Dec,S08000019,All Specialties,3307,1407
2022,Jan,S08000019,All Specialties,3357,1501
2022,Feb,S08000019,All Specialties,3405,1601
2022,Mar,S08000019,All Specialties,3644,1582
2011,Jan,S08000020,All Specialties,5086,764
2011,Feb,S08000020,All Specialties,2824,1100
2011,Mar,S08000020,All Specialties,4368,652
2011,Apr,S08000020,All Specialties,4226,784
2011,May,S08000020,All Specialties,5238,831
2011,Jun,S08000020,All Specialties,5691,818
2011,Jul,S08000020,All Specialties,4730,700
2011,Aug,S08000020,All Specialties,5415,809
2011,Sep,S08000020,All Specialties,5602,878
2011,Oct,S08000020,All Specialties,6152,821
2011,Nov,S08000020,All Specialties,6996,775
2011,Dec,S08000020,All Specialties,6076,649
2012,Jan,S08000020,All Specialties,6170,656
2012,Feb,S08000020,All Specialties,6400,586
2012,Mar,S08000020,All Specialties,7439,712
2012,Apr,S08000020,All Specialties,6361,585
2012,May,S08000020,All Specialties,7630,634
2012,Jun,S08000020,All Specialties,6716,612
2012,Jul,S08000020,All Specialties,5949,588
2012,Aug,S08000020,All Specialties,7200,685
2012,Sep,S08000020,All Specialties,5837,644
2012,Oct,S08000020,All Specialties,6901,819
2012,Nov,S08000020,All Specialties,7381,766
2012,Dec,S08000020,All Specialties,5535,577
2013,Jan,S08000020,All Specialties,6334,743
2013,Feb,S08000020,All Specialties,5779,685
2013,Mar,S08000020,All Specialties,6270,690
2013,Apr,S08000020,All Specialties,6135,760
2013,May,S08000020,All Specialties,6865,766
2013,Jun,S08000020,All Specialties,6394,654
2013,Jul,S08000020,All Specialties,6374,700
2013,Aug,S08000020,All Specialties,6734,659
2013,Sep,S08000020,All Specialties,6341,679
2013,Oct,S08000020,All Specialties,6906,744
2013,Nov,S08000020,All Specialties,7000,892
2013,Dec,S08000020,All Specialties,5995,688
2014,Jan,S08000020,All Specialties,6659,874
2014,Feb,S08000020,All Specialties,6105,867
2014,Mar,S08000020,All Specialties,6052,751
2014,Apr,S08000020,All Specialties,6091,811
2014,May,S08000020,All Specialties,6755,891
2014,Jun,S08000020,All Specialties,6393,771
2014,Jul,S08000020,All Specialties,5849,740
2014,Aug,S08000020,All Specialties,5607,755
2014,Sep,S08000020,All Specialties,6221,677
2014,Oct,S08000020,All Specialties,5964,812
2014,Nov,S08000020,All Specialties,6189,1212
2014,Dec,S08000020,All Specialties,5255,938
2015,Jan,S08000020,All Specialties,5967,1102
2015,Feb,S08000020,All Specialties,5948,1124
2015,Mar,S08000020,All Specialties,6476,1265
2015,Apr,S08000020,All Specialties,5912,1293
2015,May,S08000020,All Specialties,6022,1312
2015,Jun,S08000020,All Specialties,6346,1371
2015,Jul,S08000020,All Specialties,5687,1297
2015,Aug,S08000020,All Specialties,5736,1473
2015,Sep,S08000020,All Specialties,5588,1725
2015,Oct,S08000020,All Specialties,5521,2130
2015,Nov,S08000020,All Specialties,5924,1971
2015,Dec,S08000020,All Specialties,5925,1445
2016,Jan,S08000020,All Specialties,5185,1400
2016,Feb,S08000020,All Specialties,5880,1538
2016,Mar,S08000020,All Specialties,5692,1449
2016,Apr,S08000020,All Specialties,5667,1445
2016,May,S08000020,All Specialties,5728,1418
2016,Jun,S08000020,All Specialties,5641,1372
2016,Jul,S08000020,All Specialties,4180,1376
2016,Aug,S08000020,All Specialties,5671,1795
2016,Sep,S08000020,All Specialties,5337,1814
2016,Oct,S08000020,All Specialties,4720,1905
2016,Nov,S08000020,All Specialties,5705,2151
2016,Dec,S08000020,All Specialties,5273,1542
2017,Jan,S08000020,All Specialties,5149,1688
2017,Feb,S08000020,All Specialties,5220,1693
2017,Mar,S08000020,All Specialties,5656,1936
2017,Apr,S08000020,All Specialties,4017,1551
2017,May,S08000020,All Specialties,5124,1999
2017,Jun,S08000020,All Specialties,4857,1660
2017,Jul,S08000020,All Specialties,3949,1581
2017,Aug,S08000020,All Specialties,5044,2279
2017,Sep,S08000020,All Specialties,4176,2095
2017,Oct,S08000020,All Specialties,3986,2103
2017,Nov,S08000020,All Specialties,5028,2937
2017,Dec,S08000020,All Specialties,4226,2032
2018,Jan,S08000020,All Specialties,4845,2564
2018,Feb,S08000020,All Specialties,4455,2292
2018,Mar,S08000020,All Specialties,4722,2487
2018,Apr,S08000020,All Specialties,4404,2251
2018,May,S08000020,All Specialties,5256,2397
2018,Jun,S08000020,All Specialties,4549,2253
2018,Jul,S08000020,All Specialties,4305,1892
2018,Aug,S08000020,All Specialties,4630,2413
2018,Sep,S08000020,All Specialties,4077,2252
2018,Oct,S08000020,All Specialties,4836,2645
2018,Nov,S08000020,All Specialties,4607,2685
2018,Dec,S08000020,All Specialties,4025,2091
2019,Jan,S08000020,All Specialties,4444,2653
2019,Feb,S08000020,All Specialties,4345,2684
2019,Mar,S08000020,All Specialties,4676,2908
2019,Apr,S08000020,All Specialties,4820,2665
2019,May,S08000020,All Specialties,5093,2641
2019,Jun,S08000020,All Specialties,4981,2065
2019,Jul,S08000020,All Specialties,5009,1972
2019,Aug,S08000020,All Specialties,5191,2545
2019,Sep,S08000020,All Specialties,5362,2836
2019,Oct,S08000020,All Specialties,5367,2371
2019,Nov,S08000020,All Specialties,5265,2502
2019,Dec,S08000020,All Specialties,4975,1696
2020,Jan,S08000020,All Specialties,5856,2198
2020,Feb,S08000020,All Specialties,5264,2125
2020,Mar,S08000020,All Specialties,NA,NA
2020,Apr,S08000020,All Specialties,NA,NA
2020,May,S08000020,All Specialties,NA,NA
2020,Jun,S08000020,All Specialties,NA,NA
2020,Jul,S08000020,All Specialties,NA,NA
2020,Aug,S08000020,All Specialties,NA,NA
2020,Sep,S08000020,All Specialties,NA,NA
2020,Oct,S08000020,All Specialties,NA,NA
2020,Nov,S08000020,All Specialties,NA,NA
2020,Dec,S08000020,All Specialties,NA,NA
2021,Jan,S08000020,All Specialties,NA,NA
2021,Feb,S08000020,All Specialties,NA,NA
2021,Mar,S08000020,All Specialties,NA,NA
2021,Apr,S08000020,All Specialties,NA,NA
2021,May,S08000020,All Specialties,NA,NA
2021,Jun,S08000020,All Specialties,NA,NA
2021,Jul,S08000020,All Specialties,NA,NA
2021,Aug,S08000020,All Specialties,NA,NA
2021,Sep,S08000020,All Specialties,NA,NA
2011,Jan,S08000022,All Specialties,2760,386
2011,Feb,S08000022,All Specialties,2684,458
2011,Mar,S08000022,All Specialties,2899,514
2011,Apr,S08000022,All Specialties,2395,400
2011,May,S08000022,All Specialties,2558,465
2011,Jun,S08000022,All Specialties,5284,278
2011,Jul,S08000022,All Specialties,4387,144
2011,Aug,S08000022,All Specialties,5084,252
2011,Sep,S08000022,All Specialties,5662,412
2011,Oct,S08000022,All Specialties,5185,410
2011,Nov,S08000022,All Specialties,6158,520
2011,Dec,S08000022,All Specialties,5042,346
2012,Jan,S08000022,All Specialties,5379,420
2012,Feb,S08000022,All Specialties,5525,486
2012,Mar,S08000022,All Specialties,5685,303
2012,Apr,S08000022,All Specialties,5147,260
2012,May,S08000022,All Specialties,6165,350
2012,Jun,S08000022,All Specialties,5881,277
2012,Jul,S08000022,All Specialties,5874,271
2012,Aug,S08000022,All Specialties,6714,304
2012,Sep,S08000022,All Specialties,5708,354
2012,Oct,S08000022,All Specialties,6233,364
2012,Nov,S08000022,All Specialties,6503,438
2012,Dec,S08000022,All Specialties,5375,360
2013,Jan,S08000022,All Specialties,6101,467
2013,Feb,S08000022,All Specialties,5906,454
2013,Mar,S08000022,All Specialties,5780,510
2013,Apr,S08000022,All Specialties,6293,585
2013,May,S08000022,All Specialties,6913,565
2013,Jun,S08000022,All Specialties,6299,507
2013,Jul,S08000022,All Specialties,6549,493
2013,Aug,S08000022,All Specialties,6500,460
2013,Sep,S08000022,All Specialties,6140,547
2013,Oct,S08000022,All Specialties,6261,581
2013,Nov,S08000022,All Specialties,6301,577
2013,Dec,S08000022,All Specialties,5622,540
2014,Jan,S08000022,All Specialties,6100,659
2014,Feb,S08000022,All Specialties,5961,602
2014,Mar,S08000022,All Specialties,5292,1085
2014,Apr,S08000022,All Specialties,5227,1103
2014,May,S08000022,All Specialties,5121,1229
2014,Jun,S08000022,All Specialties,5066,1365
2014,Jul,S08000022,All Specialties,4660,1460
2014,Aug,S08000022,All Specialties,4349,1217
2014,Sep,S08000022,All Specialties,4573,1298
2014,Oct,S08000022,All Specialties,4228,1363
2014,Nov,S08000022,All Specialties,4347,1413
2014,Dec,S08000022,All Specialties,4221,1210
2015,Jan,S08000022,All Specialties,3961,1368
2015,Feb,S08000022,All Specialties,4022,1402
2015,Mar,S08000022,All Specialties,4500,1429
2015,Apr,S08000022,All Specialties,4336,1206
2015,May,S08000022,All Specialties,4500,1285
2015,Jun,S08000022,All Specialties,4932,1366
2015,Jul,S08000022,All Specialties,4973,1110
2015,Aug,S08000022,All Specialties,4639,1082
2015,Sep,S08000022,All Specialties,4911,1143
2015,Oct,S08000022,All Specialties,4515,963
2015,Nov,S08000022,All Specialties,4701,1194
2015,Dec,S08000022,All Specialties,4254,1178
2016,Jan,S08000022,All Specialties,4166,1218
2016,Feb,S08000022,All Specialties,4577,1289
2016,Mar,S08000022,All Specialties,4667,1265
2016,Apr,S08000022,All Specialties,4592,1302
2016,May,S08000022,All Specialties,5412,1350
2016,Jun,S08000022,All Specialties,6282,1214
2016,Jul,S08000022,All Specialties,5352,1044
2016,Aug,S08000022,All Specialties,6149,1344
2016,Sep,S08000022,All Specialties,6017,1526
2016,Oct,S08000022,All Specialties,5896,1447
2016,Nov,S08000022,All Specialties,6641,1676
2016,Dec,S08000022,All Specialties,5367,1567
2017,Jan,S08000022,All Specialties,6000,1782
2017,Feb,S08000022,All Specialties,5678,1571
2017,Mar,S08000022,All Specialties,6329,1769
2017,Apr,S08000022,All Specialties,5243,1528
2017,May,S08000022,All Specialties,6829,1713
2017,Jun,S08000022,All Specialties,6545,1436
2017,Jul,S08000022,All Specialties,5717,1720
2017,Aug,S08000022,All Specialties,6277,1834
2017,Sep,S08000022,All Specialties,5856,1981
2017,Oct,S08000022,All Specialties,5948,1721
2017,Nov,S08000022,All Specialties,6413,1675
2017,Dec,S08000022,All Specialties,4784,1459
2018,Jan,S08000022,All Specialties,5905,1563
2018,Feb,S08000022,All Specialties,5690,1305
2018,Mar,S08000022,All Specialties,6144,1379
2018,Apr,S08000022,All Specialties,5898,1499
2018,May,S08000022,All Specialties,6870,1501
2018,Jun,S08000022,All Specialties,6312,1328
2018,Jul,S08000022,All Specialties,6100,1188
2018,Aug,S08000022,All Specialties,6291,1420
2018,Sep,S08000022,All Specialties,5787,1538
2018,Oct,S08000022,All Specialties,6011,1501
2018,Nov,S08000022,All Specialties,6786,1700
2018,Dec,S08000022,All Specialties,5191,1337
2019,Jan,S08000022,All Specialties,6104,1501
2019,Feb,S08000022,All Specialties,5765,1464
2019,Mar,S08000022,All Specialties,6423,1575
2019,Apr,S08000022,All Specialties,5696,1405
2019,May,S08000022,All Specialties,6288,1533
2019,Jun,S08000022,All Specialties,5654,1468
2019,Jul,S08000022,All Specialties,6354,1572
2019,Aug,S08000022,All Specialties,5801,1534
2019,Sep,S08000022,All Specialties,6274,1791
2019,Oct,S08000022,All Specialties,6058,1759
2019,Nov,S08000022,All Specialties,5975,1591
2019,Dec,S08000022,All Specialties,5038,1546
2020,Jan,S08000022,All Specialties,5994,1685
2020,Feb,S08000022,All Specialties,5273,1507
2020,Mar,S08000022,All Specialties,3972,1199
2020,Apr,S08000022,All Specialties,2471,949
2020,May,S08000022,All Specialties,2301,855
2020,Jun,S08000022,All Specialties,2438,1352
2020,Jul,S08000022,All Specialties,2491,1780
2020,Aug,S08000022,All Specialties,2599,1789
2020,Sep,S08000022,All Specialties,3335,1933
2020,Oct,S08000022,All Specialties,3412,1664
2020,Nov,S08000022,All Specialties,3866,1603
2020,Dec,S08000022,All Specialties,3630,1341
2021,Jan,S08000022,All Specialties,3177,1263
2021,Feb,S08000022,All Specialties,3394,1286
2021,Mar,S08000022,All Specialties,4078,1380
2021,Apr,S08000022,All Specialties,4138,1436
2021,May,S08000022,All Specialties,4223,1590
2021,Jun,S08000022,All Specialties,4357,1664
2021,Jul,S08000022,All Specialties,3972,1567
2021,Aug,S08000022,All Specialties,4293,1495
2021,Sep,S08000022,All Specialties,4349,1619
2021,Oct,S08000022,All Specialties,3915,1395
2021,Nov,S08000022,All Specialties,4524,2352
2021,Dec,S08000022,All Specialties,3620,1639
2022,Jan,S08000022,All Specialties,3700,1754
2022,Feb,S08000022,All Specialties,3677,1956
2022,Mar,S08000022,All Specialties,4128,1907
2011,Jan,S08000024,All Specialties,9654,2696
2011,Feb,S08000024,All Specialties,9323,1931
2011,Mar,S08000024,All Specialties,11801,2238
2011,Apr,S08000024,All Specialties,8973,1438
2011,May,S08000024,All Specialties,11634,1631
2011,Jun,S08000024,All Specialties,12083,1372
2011,Jul,S08000024,All Specialties,9391,893
2011,Aug,S08000024,All Specialties,10827,1097
2011,Sep,S08000024,All Specialties,9509,988
2011,Oct,S08000024,All Specialties,11545,1556
2011,Nov,S08000024,All Specialties,13532,1910
2011,Dec,S08000024,All Specialties,12444,1458
2012,Jan,S08000024,All Specialties,12969,1822
2012,Feb,S08000024,All Specialties,13050,2086
2012,Mar,S08000024,All Specialties,13468,2324
2012,Apr,S08000024,All Specialties,11907,1763
2012,May,S08000024,All Specialties,14195,2072
2012,Jun,S08000024,All Specialties,13043,1609
2012,Jul,S08000024,All Specialties,12385,1847
2012,Aug,S08000024,All Specialties,14439,2040
2012,Sep,S08000024,All Specialties,12426,1846
2012,Oct,S08000024,All Specialties,14582,1907
2012,Nov,S08000024,All Specialties,14131,2222
2012,Dec,S08000024,All Specialties,11506,1633
2013,Jan,S08000024,All Specialties,13353,1805
2013,Feb,S08000024,All Specialties,12472,1765
2013,Mar,S08000024,All Specialties,12014,1420
2013,Apr,S08000024,All Specialties,13583,2190
2013,May,S08000024,All Specialties,14103,2384
2013,Jun,S08000024,All Specialties,12093,1416
2013,Jul,S08000024,All Specialties,12710,1659
2013,Aug,S08000024,All Specialties,13094,1725
2013,Sep,S08000024,All Specialties,13335,1660
2013,Oct,S08000024,All Specialties,13284,2080
2013,Nov,S08000024,All Specialties,13048,2382
2013,Dec,S08000024,All Specialties,10857,1594
2014,Jan,S08000024,All Specialties,12760,2174
2014,Feb,S08000024,All Specialties,11861,2135
2014,Mar,S08000024,All Specialties,12797,2217
2014,Apr,S08000024,All Specialties,12552,2044
2014,May,S08000024,All Specialties,12742,2003
2014,Jun,S08000024,All Specialties,13178,2164
2014,Jul,S08000024,All Specialties,12947,2090
2014,Aug,S08000024,All Specialties,12573,2044
2014,Sep,S08000024,All Specialties,13415,2163
2014,Oct,S08000024,All Specialties,13877,2014
2014,Nov,S08000024,All Specialties,13042,2137
2014,Dec,S08000024,All Specialties,11811,1873
2015,Jan,S08000024,All Specialties,12044,2103
2015,Feb,S08000024,All Specialties,12191,2027
2015,Mar,S08000024,All Specialties,13626,1861
2015,Apr,S08000024,All Specialties,12446,2001
2015,May,S08000024,All Specialties,12417,1849
2015,Jun,S08000024,All Specialties,13795,2265
2015,Jul,S08000024,All Specialties,13297,1941
2015,Aug,S08000024,All Specialties,12631,2201
2015,Sep,S08000024,All Specialties,13820,2449
2015,Oct,S08000024,All Specialties,13642,2604
2015,Nov,S08000024,All Specialties,13000,2749
2015,Dec,S08000024,All Specialties,13133,2720
2016,Jan,S08000024,All Specialties,11931,2443
2016,Feb,S08000024,All Specialties,12396,2647
2016,Mar,S08000024,All Specialties,12791,2609
2016,Apr,S08000024,All Specialties,13157,2688
2016,May,S08000024,All Specialties,13067,2703
2016,Jun,S08000024,All Specialties,13303,3061
2016,Jul,S08000024,All Specialties,11213,2197
2016,Aug,S08000024,All Specialties,13080,2632
2016,Sep,S08000024,All Specialties,11498,2691
2016,Oct,S08000024,All Specialties,11307,2785
2016,Nov,S08000024,All Specialties,12485,3146
2016,Dec,S08000024,All Specialties,10409,2614
2017,Jan,S08000024,All Specialties,11030,2888
2017,Feb,S08000024,All Specialties,10578,2763
2017,Mar,S08000024,All Specialties,12279,3252
2017,Apr,S08000024,All Specialties,9935,2674
2017,May,S08000024,All Specialties,12539,2935
2017,Jun,S08000024,All Specialties,11948,2785
2017,Jul,S08000024,All Specialties,10033,2404
2017,Aug,S08000024,All Specialties,11791,3058
2017,Sep,S08000024,All Specialties,10058,2746
2017,Oct,S08000024,All Specialties,11202,3096
2017,Nov,S08000024,All Specialties,11618,3629
2017,Dec,S08000024,All Specialties,9243,2662
2018,Jan,S08000024,All Specialties,10920,3594
2018,Feb,S08000024,All Specialties,9403,3216
2018,Mar,S08000024,All Specialties,8838,3009
2018,Apr,S08000024,All Specialties,9006,3590
2018,May,S08000024,All Specialties,10598,3723
2018,Jun,S08000024,All Specialties,10260,3417
2018,Jul,S08000024,All Specialties,9754,3458
2018,Aug,S08000024,All Specialties,10271,3740
2018,Sep,S08000024,All Specialties,8470,3586
2018,Oct,S08000024,All Specialties,9752,4201
2018,Nov,S08000024,All Specialties,10513,4345
2018,Dec,S08000024,All Specialties,8162,3158
2019,Jan,S08000024,All Specialties,9643,4062
2019,Feb,S08000024,All Specialties,8795,3547
2019,Mar,S08000024,All Specialties,9484,3884
2019,Apr,S08000024,All Specialties,9031,3276
2019,May,S08000024,All Specialties,10373,3471
2019,Jun,S08000024,All Specialties,9417,3469
2019,Jul,S08000024,All Specialties,9664,3551
2019,Aug,S08000024,All Specialties,9168,3327
2019,Sep,S08000024,All Specialties,8719,3481
2019,Oct,S08000024,All Specialties,9512,3426
2019,Nov,S08000024,All Specialties,8791,3520
2019,Dec,S08000024,All Specialties,8189,2877
2020,Jan,S08000024,All Specialties,8653,3760
2020,Feb,S08000024,All Specialties,8316,3395
2020,Mar,S08000024,All Specialties,7636,2362
2020,Apr,S08000024,All Specialties,3521,935
2020,May,S08000024,All Specialties,3773,1217
2020,Jun,S08000024,All Specialties,5116,1435
2020,Jul,S08000024,All Specialties,5566,1884
2020,Aug,S08000024,All Specialties,5123,1809
2020,Sep,S08000024,All Specialties,5816,1914
2020,Oct,S08000024,All Specialties,5997,2110
2020,Nov,S08000024,All Specialties,6867,2402
2020,Dec,S08000024,All Specialties,6327,2091
2021,Jan,S08000024,All Specialties,6636,1968
2021,Feb,S08000024,All Specialties,6135,1984
2021,Mar,S08000024,All Specialties,7078,1557
2021,Apr,S08000024,All Specialties,6679,1641
2021,May,S08000024,All Specialties,7011,1618
2021,Jun,S08000024,All Specialties,7329,1657
2021,Jul,S08000024,All Specialties,6645,1471
2021,Aug,S08000024,All Specialties,7268,1783
2021,Sep,S08000024,All Specialties,6995,1812
2021,Oct,S08000024,All Specialties,6894,1722
2021,Nov,S08000024,All Specialties,8047,2392
2021,Dec,S08000024,All Specialties,6702,1974
2022,Jan,S08000024,All Specialties,6714,2022
2022,Feb,S08000024,All Specialties,6605,2110
2022,Mar,S08000024,All Specialties,7567,2584
2011,Jan,S08000025,All Specialties,185,2
2011,Feb,S08000025,All Specialties,195,1
2011,Mar,S08000025,All Specialties,225,3
2011,Apr,S08000025,All Specialties,177,5
2011,May,S08000025,All Specialties,241,2
2011,Jun,S08000025,All Specialties,326,5
2011,Jul,S08000025,All Specialties,278,3
2011,Aug,S08000025,All Specialties,193,1
2011,Sep,S08000025,All Specialties,265,3
2011,Oct,S08000025,All Specialties,195,11
2011,Nov,S08000025,All Specialties,222,2
2011,Dec,S08000025,All Specialties,203,10
2012,Jan,S08000025,All Specialties,185,6
2012,Feb,S08000025,All Specialties,210,4
2012,Mar,S08000025,All Specialties,281,2
2012,Apr,S08000025,All Specialties,166,5
2012,May,S08000025,All Specialties,270,9
2012,Jun,S08000025,All Specialties,248,13
2012,Jul,S08000025,All Specialties,248,13
2012,Aug,S08000025,All Specialties,214,3
2012,Sep,S08000025,All Specialties,240,6
2012,Oct,S08000025,All Specialties,219,5
2012,Nov,S08000025,All Specialties,282,4
2012,Dec,S08000025,All Specialties,197,2
2013,Jan,S08000025,All Specialties,210,4
2013,Feb,S08000025,All Specialties,144,2
2013,Mar,S08000025,All Specialties,281,8
2013,Apr,S08000025,All Specialties,154,3
2013,May,S08000025,All Specialties,177,5
2013,Jun,S08000025,All Specialties,237,9
2013,Jul,S08000025,All Specialties,259,5
2013,Aug,S08000025,All Specialties,249,11
2013,Sep,S08000025,All Specialties,328,15
2013,Oct,S08000025,All Specialties,304,13
2013,Nov,S08000025,All Specialties,342,9
2013,Dec,S08000025,All Specialties,200,4
2014,Jan,S08000025,All Specialties,272,15
2014,Feb,S08000025,All Specialties,334,27
2014,Mar,S08000025,All Specialties,329,9
2014,Apr,S08000025,All Specialties,223,9
2014,May,S08000025,All Specialties,344,20
2014,Jun,S08000025,All Specialties,267,16
2014,Jul,S08000025,All Specialties,406,22
2014,Aug,S08000025,All Specialties,459,32
2014,Sep,S08000025,All Specialties,453,49
2014,Oct,S08000025,All Specialties,390,30
2014,Nov,S08000025,All Specialties,516,32
2014,Dec,S08000025,All Specialties,362,8
2015,Jan,S08000025,All Specialties,401,22
2015,Feb,S08000025,All Specialties,389,45
2015,Mar,S08000025,All Specialties,532,19
2015,Apr,S08000025,All Specialties,465,19
2015,May,S08000025,All Specialties,424,14
2015,Jun,S08000025,All Specialties,372,20
2015,Jul,S08000025,All Specialties,400,25
2015,Aug,S08000025,All Specialties,362,26
2015,Sep,S08000025,All Specialties,414,18
2015,Oct,S08000025,All Specialties,400,23
2015,Nov,S08000025,All Specialties,441,28
2015,Dec,S08000025,All Specialties,396,25
2016,Jan,S08000025,All Specialties,398,29
2016,Feb,S08000025,All Specialties,417,31
2016,Mar,S08000025,All Specialties,547,34
2016,Apr,S08000025,All Specialties,481,60
2016,May,S08000025,All Specialties,750,42
2016,Jun,S08000025,All Specialties,716,61
2016,Jul,S08000025,All Specialties,656,39
2016,Aug,S08000025,All Specialties,693,45
2016,Sep,S08000025,All Specialties,924,38
2016,Oct,S08000025,All Specialties,619,36
2016,Nov,S08000025,All Specialties,934,45
2016,Dec,S08000025,All Specialties,511,34
2017,Jan,S08000025,All Specialties,759,29
2017,Feb,S08000025,All Specialties,610,87
2017,Mar,S08000025,All Specialties,747,45
2017,Apr,S08000025,All Specialties,625,17
2017,May,S08000025,All Specialties,794,16
2017,Jun,S08000025,All Specialties,679,18
2017,Jul,S08000025,All Specialties,740,8
2017,Aug,S08000025,All Specialties,691,2
2017,Sep,S08000025,All Specialties,612,16
2017,Oct,S08000025,All Specialties,809,15
2017,Nov,S08000025,All Specialties,851,41
2017,Dec,S08000025,All Specialties,564,20
2018,Jan,S08000025,All Specialties,753,17
2018,Feb,S08000025,All Specialties,729,57
2018,Mar,S08000025,All Specialties,958,11
2018,Apr,S08000025,All Specialties,765,35
2018,May,S08000025,All Specialties,974,65
2018,Jun,S08000025,All Specialties,766,64
2018,Jul,S08000025,All Specialties,933,49
2018,Aug,S08000025,All Specialties,815,47
2018,Sep,S08000025,All Specialties,847,89
2018,Oct,S08000025,All Specialties,960,39
2018,Nov,S08000025,All Specialties,789,47
2018,Dec,S08000025,All Specialties,628,36
2019,Jan,S08000025,All Specialties,740,46
2019,Feb,S08000025,All Specialties,696,127
2019,Mar,S08000025,All Specialties,732,74
2019,Apr,S08000025,All Specialties,751,59
2019,May,S08000025,All Specialties,873,38
2019,Jun,S08000025,All Specialties,527,29
2019,Jul,S08000025,All Specialties,885,55
2019,Aug,S08000025,All Specialties,838,79
2019,Sep,S08000025,All Specialties,903,76
2019,Oct,S08000025,All Specialties,846,80
2019,Nov,S08000025,All Specialties,995,55
2019,Dec,S08000025,All Specialties,772,22
2020,Jan,S08000025,All Specialties,911,30
2020,Feb,S08000025,All Specialties,797,64
2020,Mar,S08000025,All Specialties,645,23
2020,Apr,S08000025,All Specialties,199,7
2020,May,S08000025,All Specialties,284,67
2020,Jun,S08000025,All Specialties,389,22
2020,Jul,S08000025,All Specialties,430,39
2020,Aug,S08000025,All Specialties,403,98
2020,Sep,S08000025,All Specialties,519,66
2020,Oct,S08000025,All Specialties,561,66
2020,Nov,S08000025,All Specialties,519,59
2020,Dec,S08000025,All Specialties,579,39
2021,Jan,S08000025,All Specialties,539,59
2021,Feb,S08000025,All Specialties,630,71
2021,Mar,S08000025,All Specialties,760,78
2021,Apr,S08000025,All Specialties,676,59
2021,May,S08000025,All Specialties,750,52
2021,Jun,S08000025,All Specialties,828,45
2021,Jul,S08000025,All Specialties,791,93
2021,Aug,S08000025,All Specialties,741,64
2021,Sep,S08000025,All Specialties,702,79
2021,Oct,S08000025,All Specialties,607,45
2021,Nov,S08000025,All Specialties,650,148
2021,Dec,S08000025,All Specialties,567,54
2022,Jan,S08000025,All Specialties,662,127
2022,Feb,S08000025,All Specialties,580,52
2022,Mar,S08000025,All Specialties,786,103
2011,Jan,S08000026,All Specialties,1651,18
2011,Feb,S08000026,All Specialties,1453,21
2011,Mar,S08000026,All Specialties,1758,26
2011,Apr,S08000026,All Specialties,1501,16
2011,May,S08000026,All Specialties,1683,24
2011,Jun,S08000026,All Specialties,332,21
2011,Jul,S08000026,All Specialties,390,12
2011,Aug,S08000026,All Specialties,461,33
2011,Sep,S08000026,All Specialties,409,19
2011,Oct,S08000026,All Specialties,332,15
2011,Nov,S08000026,All Specialties,483,15
2011,Dec,S08000026,All Specialties,447,3
2012,Jan,S08000026,All Specialties,433,7
2012,Feb,S08000026,All Specialties,462,10
2012,Mar,S08000026,All Specialties,523,7
2012,Apr,S08000026,All Specialties,596,12
2012,May,S08000026,All Specialties,519,7
2012,Jun,S08000026,All Specialties,518,9
2012,Jul,S08000026,All Specialties,410,6
2012,Aug,S08000026,All Specialties,603,9
2012,Sep,S08000026,All Specialties,480,7
2012,Oct,S08000026,All Specialties,571,10
2012,Nov,S08000026,All Specialties,571,14
2012,Dec,S08000026,All Specialties,442,12
2013,Jan,S08000026,All Specialties,490,17
2013,Feb,S08000026,All Specialties,549,21
2013,Mar,S08000026,All Specialties,360,14
2013,Apr,S08000026,All Specialties,466,13
2013,May,S08000026,All Specialties,620,59
2013,Jun,S08000026,All Specialties,537,99
2013,Jul,S08000026,All Specialties,519,23
2013,Aug,S08000026,All Specialties,625,34
2013,Sep,S08000026,All Specialties,531,21
2013,Oct,S08000026,All Specialties,558,27
2013,Nov,S08000026,All Specialties,516,18
2013,Dec,S08000026,All Specialties,397,12
2014,Jan,S08000026,All Specialties,481,14
2014,Feb,S08000026,All Specialties,614,31
2014,Mar,S08000026,All Specialties,450,18
2014,Apr,S08000026,All Specialties,445,23
2014,May,S08000026,All Specialties,509,32
2014,Jun,S08000026,All Specialties,462,15
2014,Jul,S08000026,All Specialties,523,30
2014,Aug,S08000026,All Specialties,567,33
2014,Sep,S08000026,All Specialties,362,21
2014,Oct,S08000026,All Specialties,535,33
2014,Nov,S08000026,All Specialties,478,25
2014,Dec,S08000026,All Specialties,417,30
2015,Jan,S08000026,All Specialties,352,53
2015,Feb,S08000026,All Specialties,440,69
2015,Mar,S08000026,All Specialties,426,38
2015,Apr,S08000026,All Specialties,400,73
2015,May,S08000026,All Specialties,513,20
2015,Jun,S08000026,All Specialties,542,30
2015,Jul,S08000026,All Specialties,432,30
2015,Aug,S08000026,All Specialties,617,28
2015,Sep,S08000026,All Specialties,444,39
2015,Oct,S08000026,All Specialties,458,29
2015,Nov,S08000026,All Specialties,353,41
2015,Dec,S08000026,All Specialties,474,63
2016,Jan,S08000026,All Specialties,272,46
2016,Feb,S08000026,All Specialties,322,45
2016,Mar,S08000026,All Specialties,427,87
2016,Apr,S08000026,All Specialties,354,64
2016,May,S08000026,All Specialties,446,37
2016,Jun,S08000026,All Specialties,367,38
2016,Jul,S08000026,All Specialties,326,61
2016,Aug,S08000026,All Specialties,496,77
2016,Sep,S08000026,All Specialties,332,39
2016,Oct,S08000026,All Specialties,306,60
2016,Nov,S08000026,All Specialties,390,55
2016,Dec,S08000026,All Specialties,279,25
2017,Jan,S08000026,All Specialties,287,41
2017,Feb,S08000026,All Specialties,295,43
2017,Mar,S08000026,All Specialties,336,63
2017,Apr,S08000026,All Specialties,278,59
2017,May,S08000026,All Specialties,354,120
2017,Jun,S08000026,All Specialties,341,62
2017,Jul,S08000026,All Specialties,305,75
2017,Aug,S08000026,All Specialties,406,112
2017,Sep,S08000026,All Specialties,309,38
2017,Oct,S08000026,All Specialties,309,64
2017,Nov,S08000026,All Specialties,440,47
2017,Dec,S08000026,All Specialties,287,31
2018,Jan,S08000026,All Specialties,319,22
2018,Feb,S08000026,All Specialties,359,59
2018,Mar,S08000026,All Specialties,341,76
2018,Apr,S08000026,All Specialties,344,60
2018,May,S08000026,All Specialties,347,40
2018,Jun,S08000026,All Specialties,295,50
2018,Jul,S08000026,All Specialties,310,37
2018,Aug,S08000026,All Specialties,343,48
2018,Sep,S08000026,All Specialties,262,80
2018,Oct,S08000026,All Specialties,412,52
2018,Nov,S08000026,All Specialties,419,92
2018,Dec,S08000026,All Specialties,339,119
2019,Jan,S08000026,All Specialties,293,39
2019,Feb,S08000026,All Specialties,352,71
2019,Mar,S08000026,All Specialties,384,117
2019,Apr,S08000026,All Specialties,303,69
2019,May,S08000026,All Specialties,504,104
2019,Jun,S08000026,All Specialties,419,50
2019,Jul,S08000026,All Specialties,398,54
2019,Aug,S08000026,All Specialties,451,49
2019,Sep,S08000026,All Specialties,425,65
2019,Oct,S08000026,All Specialties,469,64
2019,Nov,S08000026,All Specialties,455,69
2019,Dec,S08000026,All Specialties,373,58
2020,Jan,S08000026,All Specialties,391,63
2020,Feb,S08000026,All Specialties,405,57
2020,Mar,S08000026,All Specialties,267,28
2020,Apr,S08000026,All Specialties,91,0
2020,May,S08000026,All Specialties,101,5
2020,Jun,S08000026,All Specialties,207,43
2020,Jul,S08000026,All Specialties,275,70
2020,Aug,S08000026,All Specialties,227,46
2020,Sep,S08000026,All Specialties,251,50
2020,Oct,S08000026,All Specialties,302,41
2020,Nov,S08000026,All Specialties,299,64
2020,Dec,S08000026,All Specialties,318,42
2021,Jan,S08000026,All Specialties,211,19
2021,Feb,S08000026,All Specialties,313,106
2021,Mar,S08000026,All Specialties,331,52
2021,Apr,S08000026,All Specialties,367,48
2021,May,S08000026,All Specialties,322,58
2021,Jun,S08000026,All Specialties,354,84
2021,Jul,S08000026,All Specialties,303,50
2021,Aug,S08000026,All Specialties,345,39
2021,Sep,S08000026,All Specialties,328,91
2021,Oct,S08000026,All Specialties,343,55
2021,Nov,S08000026,All Specialties,323,55
2021,Dec,S08000026,All Specialties,267,28
2022,Jan,S08000026,All Specialties,312,141
2022,Feb,S08000026,All Specialties,350,82
2022,Mar,S08000026,All Specialties,341,103
2011,Jan,S08000028,All Specialties,283,14
2011,Feb,S08000028,All Specialties,283,12
2011,Mar,S08000028,All Specialties,304,19
2011,Apr,S08000028,All Specialties,230,4
2011,May,S08000028,All Specialties,260,6
2011,Jun,S08000028,All Specialties,260,8
2011,Jul,S08000028,All Specialties,256,9
2011,Aug,S08000028,All Specialties,353,24
2011,Sep,S08000028,All Specialties,408,28
2011,Oct,S08000028,All Specialties,281,13
2011,Nov,S08000028,All Specialties,278,44
2011,Dec,S08000028,All Specialties,391,35
2012,Jan,S08000028,All Specialties,420,20
2012,Feb,S08000028,All Specialties,388,18
2012,Mar,S08000028,All Specialties,410,18
2012,Apr,S08000028,All Specialties,296,17
2012,May,S08000028,All Specialties,391,20
2012,Jun,S08000028,All Specialties,327,8
2012,Jul,S08000028,All Specialties,287,8
2012,Aug,S08000028,All Specialties,352,18
2012,Sep,S08000028,All Specialties,467,28
2012,Oct,S08000028,All Specialties,453,15
2012,Nov,S08000028,All Specialties,471,19
2012,Dec,S08000028,All Specialties,368,19
2013,Jan,S08000028,All Specialties,425,27
2013,Feb,S08000028,All Specialties,404,24
2013,Mar,S08000028,All Specialties,461,38
2013,Apr,S08000028,All Specialties,403,18
2013,May,S08000028,All Specialties,532,27
2013,Jun,S08000028,All Specialties,553,26
2013,Jul,S08000028,All Specialties,551,31
2013,Aug,S08000028,All Specialties,455,53
2013,Sep,S08000028,All Specialties,505,37
2013,Oct,S08000028,All Specialties,500,38
2013,Nov,S08000028,All Specialties,514,34
2013,Dec,S08000028,All Specialties,369,26
2014,Jan,S08000028,All Specialties,451,42
2014,Feb,S08000028,All Specialties,476,46
2014,Mar,S08000028,All Specialties,466,102
2014,Apr,S08000028,All Specialties,475,63
2014,May,S08000028,All Specialties,544,55
2014,Jun,S08000028,All Specialties,480,33
2014,Jul,S08000028,All Specialties,562,44
2014,Aug,S08000028,All Specialties,477,28
2014,Sep,S08000028,All Specialties,516,42
2014,Oct,S08000028,All Specialties,457,27
2014,Nov,S08000028,All Specialties,469,34
2014,Dec,S08000028,All Specialties,315,20
2015,Jan,S08000028,All Specialties,421,33
2015,Feb,S08000028,All Specialties,479,47
2015,Mar,S08000028,All Specialties,483,40
2015,Apr,S08000028,All Specialties,393,31
2015,May,S08000028,All Specialties,487,29
2015,Jun,S08000028,All Specialties,483,35
2015,Jul,S08000028,All Specialties,445,29
2015,Aug,S08000028,All Specialties,462,43
2015,Sep,S08000028,All Specialties,468,33
2015,Oct,S08000028,All Specialties,450,55
2015,Nov,S08000028,All Specialties,506,46
2015,Dec,S08000028,All Specialties,369,30
2016,Jan,S08000028,All Specialties,412,46
2016,Feb,S08000028,All Specialties,450,49
2016,Mar,S08000028,All Specialties,578,76
2016,Apr,S08000028,All Specialties,397,55
2016,May,S08000028,All Specialties,557,37
2016,Jun,S08000028,All Specialties,536,31
2016,Jul,S08000028,All Specialties,471,32
2016,Aug,S08000028,All Specialties,534,43
2016,Sep,S08000028,All Specialties,562,46
2016,Oct,S08000028,All Specialties,418,49
2016,Nov,S08000028,All Specialties,584,35
2016,Dec,S08000028,All Specialties,510,33
2017,Jan,S08000028,All Specialties,448,23
2017,Feb,S08000028,All Specialties,511,28
2017,Mar,S08000028,All Specialties,521,24
2017,Apr,S08000028,All Specialties,361,20
2017,May,S08000028,All Specialties,579,24
2017,Jun,S08000028,All Specialties,535,29
2017,Jul,S08000028,All Specialties,428,33
2017,Aug,S08000028,All Specialties,547,40
2017,Sep,S08000028,All Specialties,527,48
2017,Oct,S08000028,All Specialties,514,53
2017,Nov,S08000028,All Specialties,595,61
2017,Dec,S08000028,All Specialties,433,22
2018,Jan,S08000028,All Specialties,472,57
2018,Feb,S08000028,All Specialties,504,38
2018,Mar,S08000028,All Specialties,538,49
2018,Apr,S08000028,All Specialties,516,20
2018,May,S08000028,All Specialties,572,44
2018,Jun,S08000028,All Specialties,496,27
2018,Jul,S08000028,All Specialties,420,41
2018,Aug,S08000028,All Specialties,460,67
2018,Sep,S08000028,All Specialties,501,72
2018,Oct,S08000028,All Specialties,585,91
2018,Nov,S08000028,All Specialties,561,59
2018,Dec,S08000028,All Specialties,392,39
2019,Jan,S08000028,All Specialties,501,58
2019,Feb,S08000028,All Specialties,491,57
2019,Mar,S08000028,All Specialties,436,36
2019,Apr,S08000028,All Specialties,562,61
2019,May,S08000028,All Specialties,638,65
2019,Jun,S08000028,All Specialties,556,36
2019,Jul,S08000028,All Specialties,569,37
2019,Aug,S08000028,All Specialties,477,39
2019,Sep,S08000028,All Specialties,536,30
2019,Oct,S08000028,All Specialties,548,41
2019,Nov,S08000028,All Specialties,572,61
2019,Dec,S08000028,All Specialties,435,29
2020,Jan,S08000028,All Specialties,479,40
2020,Feb,S08000028,All Specialties,603,44
2020,Mar,S08000028,All Specialties,436,42
2020,Apr,S08000028,All Specialties,84,7
2020,May,S08000028,All Specialties,178,13
2020,Jun,S08000028,All Specialties,206,22
2020,Jul,S08000028,All Specialties,203,33
2020,Aug,S08000028,All Specialties,197,66
2020,Sep,S08000028,All Specialties,299,66
2020,Oct,S08000028,All Specialties,278,121
2020,Nov,S08000028,All Specialties,290,59
2020,Dec,S08000028,All Specialties,314,44
2021,Jan,S08000028,All Specialties,342,119
2021,Feb,S08000028,All Specialties,306,34
2021,Mar,S08000028,All Specialties,344,77
2021,Apr,S08000028,All Specialties,423,95
2021,May,S08000028,All Specialties,399,89
2021,Jun,S08000028,All Specialties,501,95
2021,Jul,S08000028,All Specialties,457,72
2021,Aug,S08000028,All Specialties,440,75
2021,Sep,S08000028,All Specialties,471,74
2021,Oct,S08000028,All Specialties,464,54
2021,Nov,S08000028,All Specialties,479,70
2021,Dec,S08000028,All Specialties,393,28
2022,Jan,S08000028,All Specialties,412,38
2022,Feb,S08000028,All Specialties,354,53
2022,Mar,S08000028,All Specialties,414,66
2011,Jan,S08000029,All Specialties,5660,450
2011,Feb,S08000029,All Specialties,5962,353
2011,Mar,S08000029,All Specialties,6808,344
2011,Apr,S08000029,All Specialties,5795,291
2011,May,S08000029,All Specialties,6836,268
2011,Jun,S08000029,All Specialties,7067,338
2011,Jul,S08000029,All Specialties,6481,262
2011,Aug,S08000029,All Specialties,6699,424
2011,Sep,S08000029,All Specialties,7085,347
2011,Oct,S08000029,All Specialties,5526,269
2011,Nov,S08000029,All Specialties,6814,289
2011,Dec,S08000029,All Specialties,6905,369
2012,Jan,S08000029,All Specialties,6855,305
2012,Feb,S08000029,All Specialties,7386,450
2012,Mar,S08000029,All Specialties,7809,477
2012,Apr,S08000029,All Specialties,6693,333
2012,May,S08000029,All Specialties,7857,447
2012,Jun,S08000029,All Specialties,7234,443
2012,Jul,S08000029,All Specialties,7300,430
2012,Aug,S08000029,All Specialties,7692,484
2012,Sep,S08000029,All Specialties,7187,469
2012,Oct,S08000029,All Specialties,7159,575
2012,Nov,S08000029,All Specialties,7705,682
2012,Dec,S08000029,All Specialties,5957,527
2013,Jan,S08000029,All Specialties,7020,633
2013,Feb,S08000029,All Specialties,6921,658
2013,Mar,S08000029,All Specialties,6502,635
2013,Apr,S08000029,All Specialties,6656,668
2013,May,S08000029,All Specialties,7322,599
2013,Jun,S08000029,All Specialties,6681,553
2013,Jul,S08000029,All Specialties,6844,525
2013,Aug,S08000029,All Specialties,7104,589
2013,Sep,S08000029,All Specialties,6876,621
2013,Oct,S08000029,All Specialties,6944,642
2013,Nov,S08000029,All Specialties,6828,613
2013,Dec,S08000029,All Specialties,6505,553
2014,Jan,S08000029,All Specialties,6928,678
2014,Feb,S08000029,All Specialties,6101,576
2014,Mar,S08000029,All Specialties,6343,530
2014,Apr,S08000029,All Specialties,6044,583
2014,May,S08000029,All Specialties,6287,557
2014,Jun,S08000029,All Specialties,6432,590
2014,Jul,S08000029,All Specialties,6321,649
2014,Aug,S08000029,All Specialties,5707,629
2014,Sep,S08000029,All Specialties,6501,789
2014,Oct,S08000029,All Specialties,5835,777
2014,Nov,S08000029,All Specialties,5945,906
2014,Dec,S08000029,All Specialties,5958,917
2015,Jan,S08000029,All Specialties,5893,974
2015,Feb,S08000029,All Specialties,5517,945
2015,Mar,S08000029,All Specialties,6198,985
2015,Apr,S08000029,All Specialties,5753,770
2015,May,S08000029,All Specialties,6064,721
2015,Jun,S08000029,All Specialties,6621,685
2015,Jul,S08000029,All Specialties,6172,709
2015,Aug,S08000029,All Specialties,5471,682
2015,Sep,S08000029,All Specialties,6165,949
2015,Oct,S08000029,All Specialties,5483,759
2015,Nov,S08000029,All Specialties,6233,916
2015,Dec,S08000029,All Specialties,5873,758
2016,Jan,S08000029,All Specialties,5538,620
2016,Feb,S08000029,All Specialties,6040,726
2016,Mar,S08000029,All Specialties,6294,624
2016,Apr,S08000029,All Specialties,6275,649
2016,May,S08000029,All Specialties,6410,575
2016,Jun,S08000029,All Specialties,6363,580
2016,Jul,S08000029,All Specialties,5656,492
2016,Aug,S08000029,All Specialties,6467,625
2016,Sep,S08000029,All Specialties,6150,615
2016,Oct,S08000029,All Specialties,5058,607
2016,Nov,S08000029,All Specialties,6011,783
2016,Dec,S08000029,All Specialties,5086,619
2017,Jan,S08000029,All Specialties,5300,705
2017,Feb,S08000029,All Specialties,5029,697
2017,Mar,S08000029,All Specialties,5815,712
2017,Apr,S08000029,All Specialties,4179,619
2017,May,S08000029,All Specialties,5167,737
2017,Jun,S08000029,All Specialties,4808,889
2017,Jul,S08000029,All Specialties,4151,979
2017,Aug,S08000029,All Specialties,4845,1068
2017,Sep,S08000029,All Specialties,5048,1153
2017,Oct,S08000029,All Specialties,4880,1392
2017,Nov,S08000029,All Specialties,5365,1391
2017,Dec,S08000029,All Specialties,4109,1042
2018,Jan,S08000029,All Specialties,4768,1199
2018,Feb,S08000029,All Specialties,4274,1123
2018,Mar,S08000029,All Specialties,4168,1104
2018,Apr,S08000029,All Specialties,4115,1218
2018,May,S08000029,All Specialties,5061,1254
2018,Jun,S08000029,All Specialties,4643,1137
2018,Jul,S08000029,All Specialties,4440,1016
2018,Aug,S08000029,All Specialties,4829,1139
2018,Sep,S08000029,All Specialties,4428,1134
2018,Oct,S08000029,All Specialties,4540,1290
2018,Nov,S08000029,All Specialties,4679,1280
2018,Dec,S08000029,All Specialties,3760,919
2019,Jan,S08000029,All Specialties,4641,1396
2019,Feb,S08000029,All Specialties,4347,1249
2019,Mar,S08000029,All Specialties,4776,1432
2019,Apr,S08000029,All Specialties,4553,1075
2019,May,S08000029,All Specialties,5079,1071
2019,Jun,S08000029,All Specialties,4823,958
2019,Jul,S08000029,All Specialties,4906,1012
2019,Aug,S08000029,All Specialties,4957,1090
2019,Sep,S08000029,All Specialties,4848,1230
2019,Oct,S08000029,All Specialties,4558,1168
2019,Nov,S08000029,All Specialties,5037,1191
2019,Dec,S08000029,All Specialties,4377,961
2020,Jan,S08000029,All Specialties,4715,1256
2020,Feb,S08000029,All Specialties,4636,1150
2020,Mar,S08000029,All Specialties,4096,763
2020,Apr,S08000029,All Specialties,1285,141
2020,May,S08000029,All Specialties,1373,202
2020,Jun,S08000029,All Specialties,1950,485
2020,Jul,S08000029,All Specialties,2141,954
2020,Aug,S08000029,All Specialties,2186,1226
2020,Sep,S08000029,All Specialties,2518,1697
2020,Oct,S08000029,All Specialties,2846,1525
2020,Nov,S08000029,All Specialties,3037,1495
2020,Dec,S08000029,All Specialties,2908,1192
2021,Jan,S08000029,All Specialties,2461,879
2021,Feb,S08000029,All Specialties,2233,800
2021,Mar,S08000029,All Specialties,2401,914
2021,Apr,S08000029,All Specialties,2944,1311
2021,May,S08000029,All Specialties,2986,1545
2021,Jun,S08000029,All Specialties,3505,1594
2021,Jul,S08000029,All Specialties,3198,1215
2021,Aug,S08000029,All Specialties,3445,1328
2021,Sep,S08000029,All Specialties,3412,1482
2021,Oct,S08000029,All Specialties,2952,1204
2021,Nov,S08000029,All Specialties,3587,1534
2021,Dec,S08000029,All Specialties,3125,1162
2022,Jan,S08000029,All Specialties,2475,725
2022,Feb,S08000029,All Specialties,3127,1250
2022,Mar,S08000029,All Specialties,3706,1602
2011,Jan,S08000030,All Specialties,8114,242
2011,Feb,S08000030,All Specialties,8672,230
2011,Mar,S08000030,All Specialties,9773,251
2011,Apr,S08000030,All Specialties,7349,165
2011,May,S08000030,All Specialties,9091,381
2011,Jun,S08000030,All Specialties,9179,138
2011,Jul,S08000030,All Specialties,7460,121
2011,Aug,S08000030,All Specialties,9612,186
2011,Sep,S08000030,All Specialties,9586,407
2011,Oct,S08000030,All Specialties,8581,308
2011,Nov,S08000030,All Specialties,9807,417
2011,Dec,S08000030,All Specialties,9876,294
2012,Jan,S08000030,All Specialties,9855,487
2012,Feb,S08000030,All Specialties,10438,634
2012,Mar,S08000030,All Specialties,10117,693
2012,Apr,S08000030,All Specialties,8598,571
2012,May,S08000030,All Specialties,6352,503
2012,Jun,S08000030,All Specialties,9128,621
2012,Jul,S08000030,All Specialties,8351,698
2012,Aug,S08000030,All Specialties,9836,847
2012,Sep,S08000030,All Specialties,9066,963
2012,Oct,S08000030,All Specialties,9282,968
2012,Nov,S08000030,All Specialties,9603,1064
2012,Dec,S08000030,All Specialties,8068,851
2013,Jan,S08000030,All Specialties,9468,1057
2013,Feb,S08000030,All Specialties,8949,996
2013,Mar,S08000030,All Specialties,9014,936
2013,Apr,S08000030,All Specialties,9180,791
2013,May,S08000030,All Specialties,10082,712
2013,Jun,S08000030,All Specialties,9304,634
2013,Jul,S08000030,All Specialties,9150,578
2013,Aug,S08000030,All Specialties,9399,621
2013,Sep,S08000030,All Specialties,9598,662
2013,Oct,S08000030,All Specialties,9662,635
2013,Nov,S08000030,All Specialties,9495,773
2013,Dec,S08000030,All Specialties,8888,592
2014,Jan,S08000030,All Specialties,9937,859
2014,Feb,S08000030,All Specialties,9118,935
2014,Mar,S08000030,All Specialties,9219,863
2014,Apr,S08000030,All Specialties,9073,805
2014,May,S08000030,All Specialties,9304,744
2014,Jun,S08000030,All Specialties,9944,695
2014,Jul,S08000030,All Specialties,8970,634
2014,Aug,S08000030,All Specialties,9231,783
2014,Sep,S08000030,All Specialties,10370,954
2014,Oct,S08000030,All Specialties,9344,980
2014,Nov,S08000030,All Specialties,8897,1066
2014,Dec,S08000030,All Specialties,8994,970
2015,Jan,S08000030,All Specialties,8633,1179
2015,Feb,S08000030,All Specialties,8510,1216
2015,Mar,S08000030,All Specialties,9094,1368
2015,Apr,S08000030,All Specialties,8351,1236
2015,May,S08000030,All Specialties,8569,1195
2015,Jun,S08000030,All Specialties,9344,1206
2015,Jul,S08000030,All Specialties,9114,1182
2015,Aug,S08000030,All Specialties,9532,1422
2015,Sep,S08000030,All Specialties,10463,1641
2015,Oct,S08000030,All Specialties,9397,1558
2015,Nov,S08000030,All Specialties,9743,1842
2015,Dec,S08000030,All Specialties,9492,1246
2016,Jan,S08000030,All Specialties,9397,1457
2016,Feb,S08000030,All Specialties,10006,1480
2016,Mar,S08000030,All Specialties,10863,1483
2016,Apr,S08000030,All Specialties,8984,1253
2016,May,S08000030,All Specialties,10336,1290
2016,Jun,S08000030,All Specialties,10464,1318
2016,Jul,S08000030,All Specialties,8212,1040
2016,Aug,S08000030,All Specialties,10250,1706
2016,Sep,S08000030,All Specialties,9491,1954
2016,Oct,S08000030,All Specialties,8333,1546
2016,Nov,S08000030,All Specialties,9942,1969
2016,Dec,S08000030,All Specialties,8732,1633
2017,Jan,S08000030,All Specialties,9246,1878
2017,Feb,S08000030,All Specialties,8930,1654
2017,Mar,S08000030,All Specialties,10389,1589
2017,Apr,S08000030,All Specialties,8210,1208
2017,May,S08000030,All Specialties,10004,1347
2017,Jun,S08000030,All Specialties,8939,1171
2017,Jul,S08000030,All Specialties,NA,NA
2017,Aug,S08000030,All Specialties,NA,NA
2017,Sep,S08000030,All Specialties,NA,NA
2017,Oct,S08000030,All Specialties,NA,NA
2017,Nov,S08000030,All Specialties,NA,NA
2017,Dec,S08000030,All Specialties,NA,NA
2018,Jan,S08000030,All Specialties,5745,1909
2018,Feb,S08000030,All Specialties,5040,1989
2018,Mar,S08000030,All Specialties,5459,2130
2018,Apr,S08000030,All Specialties,5195,1570
2018,May,S08000030,All Specialties,6227,1744
2018,Jun,S08000030,All Specialties,5747,1699
2018,Jul,S08000030,All Specialties,4834,1274
2018,Aug,S08000030,All Specialties,5921,1649
2018,Sep,S08000030,All Specialties,5328,1597
2018,Oct,S08000030,All Specialties,5529,1660
2018,Nov,S08000030,All Specialties,5943,1940
2018,Dec,S08000030,All Specialties,4626,1449
2019,Jan,S08000030,All Specialties,5614,1850
2019,Feb,S08000030,All Specialties,4986,1750
2019,Mar,S08000030,All Specialties,5315,2142
2019,Apr,S08000030,All Specialties,5160,1751
2019,May,S08000030,All Specialties,5994,1844
2019,Jun,S08000030,All Specialties,5442,1751
2019,Jul,S08000030,All Specialties,5091,1847
2019,Aug,S08000030,All Specialties,5260,2116
2019,Sep,S08000030,All Specialties,5498,2203
2019,Oct,S08000030,All Specialties,5479,2196
2019,Nov,S08000030,All Specialties,5324,2265
2019,Dec,S08000030,All Specialties,4923,1872
2020,Jan,S08000030,All Specialties,5392,2361
2020,Feb,S08000030,All Specialties,5076,2081
2020,Mar,S08000030,All Specialties,4444,1505
2020,Apr,S08000030,All Specialties,2076,710
2020,May,S08000030,All Specialties,2498,835
2020,Jun,S08000030,All Specialties,3106,828
2020,Jul,S08000030,All Specialties,2733,1210
2020,Aug,S08000030,All Specialties,2605,2034
2020,Sep,S08000030,All Specialties,3599,2054
2020,Oct,S08000030,All Specialties,3640,1625
2020,Nov,S08000030,All Specialties,4197,1834
2020,Dec,S08000030,All Specialties,4078,1425
2021,Jan,S08000030,All Specialties,3628,1112
2021,Feb,S08000030,All Specialties,4043,1193
2021,Mar,S08000030,All Specialties,4955,1503
2021,Apr,S08000030,All Specialties,4744,1419
2021,May,S08000030,All Specialties,NA,NA
2021,Jun,S08000030,All Specialties,NA,NA
2021,Jul,S08000030,All Specialties,NA,NA
2021,Aug,S08000030,All Specialties,NA,NA
2021,Sep,S08000030,All Specialties,NA,NA
2011,Jan,S08000031,All Specialties,25310,7525
2011,Feb,S08000031,All Specialties,25832,6685
2011,Mar,S08000031,All Specialties,32211,8072
2011,Apr,S08000031,All Specialties,23592,5416
2011,May,S08000031,All Specialties,27956,4369
2011,Jun,S08000031,All Specialties,29055,3958
2011,Jul,S08000031,All Specialties,22681,3385
2011,Aug,S08000031,All Specialties,29132,4229
2011,Sep,S08000031,All Specialties,27427,4036
2011,Oct,S08000031,All Specialties,27510,4116
2011,Nov,S08000031,All Specialties,30131,4823
2011,Dec,S08000031,All Specialties,27042,2946
2012,Jan,S08000031,All Specialties,29263,3156
2012,Feb,S08000031,All Specialties,29122,2924
2012,Mar,S08000031,All Specialties,30310,2962
2012,Apr,S08000031,All Specialties,26351,2379
2012,May,S08000031,All Specialties,31344,2547
2012,Jun,S08000031,All Specialties,25341,2151
2012,Jul,S08000031,All Specialties,26530,2313
2012,Aug,S08000031,All Specialties,30982,2920
2012,Sep,S08000031,All Specialties,26216,2429
2012,Oct,S08000031,All Specialties,30094,3024
2012,Nov,S08000031,All Specialties,30170,3019
2012,Dec,S08000031,All Specialties,23186,2123
2013,Jan,S08000031,All Specialties,27485,2687
2013,Feb,S08000031,All Specialties,25346,2504
2013,Mar,S08000031,All Specialties,25401,2507
2013,Apr,S08000031,All Specialties,27215,2791
2013,May,S08000031,All Specialties,26304,2794
2013,Jun,S08000031,All Specialties,24742,2407
2013,Jul,S08000031,All Specialties,28093,2770
2013,Aug,S08000031,All Specialties,25867,2491
2013,Sep,S08000031,All Specialties,24761,2459
2013,Oct,S08000031,All Specialties,26753,2500
2013,Nov,S08000031,All Specialties,24697,2346
2013,Dec,S08000031,All Specialties,24774,2426
2014,Jan,S08000031,All Specialties,26308,2599
2014,Feb,S08000031,All Specialties,23792,2338
2014,Mar,S08000031,All Specialties,25580,2729
2014,Apr,S08000031,All Specialties,24534,2535
2014,May,S08000031,All Specialties,26301,2359
2014,Jun,S08000031,All Specialties,27448,2272
2014,Jul,S08000031,All Specialties,26328,2203
2014,Aug,S08000031,All Specialties,26353,2289
2014,Sep,S08000031,All Specialties,28152,2478
2014,Oct,S08000031,All Specialties,28756,2615
2014,Nov,S08000031,All Specialties,26511,2589
2014,Dec,S08000031,All Specialties,26483,2466
2015,Jan,S08000031,All Specialties,26110,2425
2015,Feb,S08000031,All Specialties,24295,2216
2015,Mar,S08000031,All Specialties,27756,2646
2015,Apr,S08000031,All Specialties,24041,2542
2015,May,S08000031,All Specialties,24958,2330
2015,Jun,S08000031,All Specialties,27510,2698
2015,Jul,S08000031,All Specialties,24828,2701
2015,Aug,S08000031,All Specialties,26800,2292
2015,Sep,S08000031,All Specialties,27611,2325
2015,Oct,S08000031,All Specialties,27512,2399
2015,Nov,S08000031,All Specialties,28910,2317
2015,Dec,S08000031,All Specialties,25757,2187
2016,Jan,S08000031,All Specialties,25094,2078
2016,Feb,S08000031,All Specialties,27170,2489
2016,Mar,S08000031,All Specialties,27798,2579
2016,Apr,S08000031,All Specialties,24829,2692
2016,May,S08000031,All Specialties,26785,2372
2016,Jun,S08000031,All Specialties,27776,2426
2016,Jul,S08000031,All Specialties,22781,1872
2016,Aug,S08000031,All Specialties,29379,2980
2016,Sep,S08000031,All Specialties,26837,2852
2016,Oct,S08000031,All Specialties,25402,2817
2016,Nov,S08000031,All Specialties,27829,3192
2016,Dec,S08000031,All Specialties,22897,2551
2017,Jan,S08000031,All Specialties,25529,2931
2017,Feb,S08000031,All Specialties,23639,2886
2017,Mar,S08000031,All Specialties,27185,3129
2017,Apr,S08000031,All Specialties,19411,2486
2017,May,S08000031,All Specialties,25036,2820
2017,Jun,S08000031,All Specialties,24676,2893
2017,Jul,S08000031,All Specialties,20998,2488
2017,Aug,S08000031,All Specialties,26790,3135
2017,Sep,S08000031,All Specialties,23910,2692
2017,Oct,S08000031,All Specialties,25231,2901
2017,Nov,S08000031,All Specialties,27287,3059
2017,Dec,S08000031,All Specialties,21285,2376
2018,Jan,S08000031,All Specialties,24927,3171
2018,Feb,S08000031,All Specialties,22442,2676
2018,Mar,S08000031,All Specialties,23135,2760
2018,Apr,S08000031,All Specialties,20976,2792
2018,May,S08000031,All Specialties,24673,3274
2018,Jun,S08000031,All Specialties,23824,3233
2018,Jul,S08000031,All Specialties,20799,2878
2018,Aug,S08000031,All Specialties,24915,3239
2018,Sep,S08000031,All Specialties,22435,2957
2018,Oct,S08000031,All Specialties,23886,5200
2018,Nov,S08000031,All Specialties,23096,5262
2018,Dec,S08000031,All Specialties,19166,4042
2019,Jan,S08000031,All Specialties,22151,5635
2019,Feb,S08000031,All Specialties,20343,4958
2019,Mar,S08000031,All Specialties,21372,5873
2019,Apr,S08000031,All Specialties,19280,5417
2019,May,S08000031,All Specialties,18087,5088
2019,Jun,S08000031,All Specialties,17542,4916
2019,Jul,S08000031,All Specialties,16649,4789
2019,Aug,S08000031,All Specialties,17796,5417
2019,Sep,S08000031,All Specialties,17052,5626
2019,Oct,S08000031,All Specialties,19471,6166
2019,Nov,S08000031,All Specialties,18283,6111
2019,Dec,S08000031,All Specialties,16123,4789
2020,Jan,S08000031,All Specialties,17801,5783
2020,Feb,S08000031,All Specialties,16404,5249
2020,Mar,S08000031,All Specialties,14124,3799
2020,Apr,S08000031,All Specialties,4673,1131
2020,May,S08000031,All Specialties,5889,1372
2020,Jun,S08000031,All Specialties,8384,2343
2020,Jul,S08000031,All Specialties,7019,2841
2020,Aug,S08000031,All Specialties,7961,3626
2020,Sep,S08000031,All Specialties,9875,4011
2020,Oct,S08000031,All Specialties,10002,3987
2020,Nov,S08000031,All Specialties,11282,3875
2020,Dec,S08000031,All Specialties,10692,2765
2021,Jan,S08000031,All Specialties,10845,2552
2021,Feb,S08000031,All Specialties,10713,2861
2021,Mar,S08000031,All Specialties,13061,3624
2021,Apr,S08000031,All Specialties,11597,3103
2021,May,S08000031,All Specialties,11927,3111
2021,Jun,S08000031,All Specialties,13470,3324
2021,Jul,S08000031,All Specialties,11393,2876
2021,Aug,S08000031,All Specialties,12605,3401
2021,Sep,S08000031,All Specialties,12134,3392
2021,Oct,S08000031,All Specialties,11566,3492
2021,Nov,S08000031,All Specialties,13524,4560
2021,Dec,S08000031,All Specialties,11797,3922
2022,Jan,S08000031,All Specialties,10909,4236
2022,Feb,S08000031,All Specialties,11533,4077
2022,Mar,S08000031,All Specialties,13438,4579
2011,Jan,S08000032,All Specialties,6576,1751
2011,Feb,S08000032,All Specialties,6161,1013
2011,Mar,S08000032,All Specialties,5468,635
2011,Apr,S08000032,All Specialties,4810,1595
2011,May,S08000032,All Specialties,7830,1746
2011,Jun,S08000032,All Specialties,6916,1578
2011,Jul,S08000032,All Specialties,6211,1472
2011,Aug,S08000032,All Specialties,9033,1813
2011,Sep,S08000032,All Specialties,6072,1134
2011,Oct,S08000032,All Specialties,6144,894
2011,Nov,S08000032,All Specialties,6203,616
2011,Dec,S08000032,All Specialties,7440,469
2012,Jan,S08000032,All Specialties,8651,655
2012,Feb,S08000032,All Specialties,8393,608
2012,Mar,S08000032,All Specialties,8253,433
2012,Apr,S08000032,All Specialties,7047,494
2012,May,S08000032,All Specialties,9002,464
2012,Jun,S08000032,All Specialties,7642,432
2012,Jul,S08000032,All Specialties,7436,420
2012,Aug,S08000032,All Specialties,7981,576
2012,Sep,S08000032,All Specialties,7405,423
2012,Oct,S08000032,All Specialties,8755,594
2012,Nov,S08000032,All Specialties,8859,422
2012,Dec,S08000032,All Specialties,7664,464
2013,Jan,S08000032,All Specialties,8195,402
2013,Feb,S08000032,All Specialties,8192,439
2013,Mar,S08000032,All Specialties,8008,523
2013,Apr,S08000032,All Specialties,7976,448
2013,May,S08000032,All Specialties,9170,379
2013,Jun,S08000032,All Specialties,8196,449
2013,Jul,S08000032,All Specialties,8222,359
2013,Aug,S08000032,All Specialties,9370,625
2013,Sep,S08000032,All Specialties,8894,655
2013,Oct,S08000032,All Specialties,9806,597
2013,Nov,S08000032,All Specialties,9664,583
2013,Dec,S08000032,All Specialties,8335,564
2014,Jan,S08000032,All Specialties,9169,652
2014,Feb,S08000032,All Specialties,8880,538
2014,Mar,S08000032,All Specialties,9822,621
2014,Apr,S08000032,All Specialties,8725,593
2014,May,S08000032,All Specialties,9891,544
2014,Jun,S08000032,All Specialties,9735,547
2014,Jul,S08000032,All Specialties,8884,607
2014,Aug,S08000032,All Specialties,9507,718
2014,Sep,S08000032,All Specialties,9565,671
2014,Oct,S08000032,All Specialties,9824,745
2014,Nov,S08000032,All Specialties,9129,780
2014,Dec,S08000032,All Specialties,8949,713
2015,Jan,S08000032,All Specialties,9253,740
2015,Feb,S08000032,All Specialties,8820,746
2015,Mar,S08000032,All Specialties,10010,835
2015,Apr,S08000032,All Specialties,8941,790
2015,May,S08000032,All Specialties,9292,829
2015,Jun,S08000032,All Specialties,9804,812
2015,Jul,S08000032,All Specialties,8842,857
2015,Aug,S08000032,All Specialties,9221,920
2015,Sep,S08000032,All Specialties,9336,954
2015,Oct,S08000032,All Specialties,8997,994
2015,Nov,S08000032,All Specialties,9759,1197
2015,Dec,S08000032,All Specialties,8516,956
2016,Jan,S08000032,All Specialties,8213,1036
2016,Feb,S08000032,All Specialties,9360,1163
2016,Mar,S08000032,All Specialties,9486,1297
2016,Apr,S08000032,All Specialties,8846,1166
2016,May,S08000032,All Specialties,9557,1212
2016,Jun,S08000032,All Specialties,9236,1150
2016,Jul,S08000032,All Specialties,7655,977
2016,Aug,S08000032,All Specialties,9780,1253
2016,Sep,S08000032,All Specialties,8378,1251
2016,Oct,S08000032,All Specialties,8226,1226
2016,Nov,S08000032,All Specialties,9089,1541
2016,Dec,S08000032,All Specialties,7418,1402
2017,Jan,S08000032,All Specialties,8004,1785
2017,Feb,S08000032,All Specialties,8132,1850
2017,Mar,S08000032,All Specialties,9741,2636
2017,Apr,S08000032,All Specialties,7053,1492
2017,May,S08000032,All Specialties,8652,1889
2017,Jun,S08000032,All Specialties,8464,1785
2017,Jul,S08000032,All Specialties,7206,1554
2017,Aug,S08000032,All Specialties,8345,2207
2017,Sep,S08000032,All Specialties,7331,2459
2017,Oct,S08000032,All Specialties,8569,2708
2017,Nov,S08000032,All Specialties,9796,2451
2017,Dec,S08000032,All Specialties,7750,1520
2018,Jan,S08000032,All Specialties,8073,1746
2018,Feb,S08000032,All Specialties,7881,1786
2018,Mar,S08000032,All Specialties,8640,1879
2018,Apr,S08000032,All Specialties,7340,1186
2018,May,S08000032,All Specialties,9375,1339
2018,Jun,S08000032,All Specialties,8798,997
2018,Jul,S08000032,All Specialties,8541,976
2018,Aug,S08000032,All Specialties,9515,1321
2018,Sep,S08000032,All Specialties,8706,1353
2018,Oct,S08000032,All Specialties,9540,1671
2018,Nov,S08000032,All Specialties,9763,2004
2018,Dec,S08000032,All Specialties,8226,1540
2019,Jan,S08000032,All Specialties,9938,1973
2019,Feb,S08000032,All Specialties,9398,2034
2019,Mar,S08000032,All Specialties,9701,1786
2019,Apr,S08000032,All Specialties,8942,1250
2019,May,S08000032,All Specialties,9972,1396
2019,Jun,S08000032,All Specialties,9732,1355
2019,Jul,S08000032,All Specialties,9262,1142
2019,Aug,S08000032,All Specialties,10214,1465
2019,Sep,S08000032,All Specialties,9192,1312
2019,Oct,S08000032,All Specialties,9162,1287
2019,Nov,S08000032,All Specialties,10164,1376
2019,Dec,S08000032,All Specialties,8308,955
2020,Jan,S08000032,All Specialties,9375,1170
2020,Feb,S08000032,All Specialties,9557,1215
2020,Mar,S08000032,All Specialties,6458,814
2020,Apr,S08000032,All Specialties,1626,95
2020,May,S08000032,All Specialties,2095,104
2020,Jun,S08000032,All Specialties,2669,429
2020,Jul,S08000032,All Specialties,2515,733
2020,Aug,S08000032,All Specialties,3232,1049
2020,Sep,S08000032,All Specialties,3453,1482
2020,Oct,S08000032,All Specialties,4664,2016
2020,Nov,S08000032,All Specialties,5456,2746
2020,Dec,S08000032,All Specialties,5278,3053
2021,Jan,S08000032,All Specialties,5098,2163
2021,Feb,S08000032,All Specialties,8582,2480
2021,Mar,S08000032,All Specialties,10419,3973
2021,Apr,S08000032,All Specialties,5364,2246
2021,May,S08000032,All Specialties,6423,2860
2021,Jun,S08000032,All Specialties,7190,3350
2021,Jul,S08000032,All Specialties,6095,3029
2021,Aug,S08000032,All Specialties,6673,2556
2021,Sep,S08000032,All Specialties,6632,2307
2021,Oct,S08000032,All Specialties,7014,2193
2021,Nov,S08000032,All Specialties,8281,2387
2021,Dec,S08000032,All Specialties,6373,1908
2022,Jan,S08000032,All Specialties,6599,1946
2022,Feb,S08000032,All Specialties,6647,1986
2022,Mar,S08000032,All Specialties,6918,2719
2011,Jan,SB0801,All Specialties,652,17
2011,Feb,SB0801,All Specialties,831,32
2011,Mar,SB0801,All Specialties,844,39
2011,Apr,SB0801,All Specialties,259,0
2011,May,SB0801,All Specialties,106,0
2011,Jun,SB0801,All Specialties,126,0
2011,Jul,SB0801,All Specialties,111,1
2011,Aug,SB0801,All Specialties,127,1
2011,Sep,SB0801,All Specialties,117,0
2011,Oct,SB0801,All Specialties,128,0
2011,Nov,SB0801,All Specialties,129,0
2011,Dec,SB0801,All Specialties,87,0
2012,Jan,SB0801,All Specialties,146,0
2012,Feb,SB0801,All Specialties,104,0
2012,Mar,SB0801,All Specialties,125,0
2012,Apr,SB0801,All Specialties,120,0
2012,May,SB0801,All Specialties,127,0
2012,Jun,SB0801,All Specialties,92,0
2012,Jul,SB0801,All Specialties,95,1
2012,Aug,SB0801,All Specialties,98,0
2012,Sep,SB0801,All Specialties,107,0
2012,Oct,SB0801,All Specialties,122,0
2012,Nov,SB0801,All Specialties,153,1
2012,Dec,SB0801,All Specialties,99,0
2013,Jan,SB0801,All Specialties,115,0
2013,Feb,SB0801,All Specialties,147,0
2013,Mar,SB0801,All Specialties,133,0
2013,Apr,SB0801,All Specialties,143,1
2013,May,SB0801,All Specialties,151,0
2013,Jun,SB0801,All Specialties,132,0
2013,Jul,SB0801,All Specialties,154,0
2013,Aug,SB0801,All Specialties,171,3
2013,Sep,SB0801,All Specialties,149,0
2013,Oct,SB0801,All Specialties,139,0
2013,Nov,SB0801,All Specialties,161,0
2013,Dec,SB0801,All Specialties,114,0
2014,Jan,SB0801,All Specialties,142,0
2014,Feb,SB0801,All Specialties,115,0
2014,Mar,SB0801,All Specialties,146,0
2014,Apr,SB0801,All Specialties,169,0
2014,May,SB0801,All Specialties,140,0
2014,Jun,SB0801,All Specialties,148,0
2014,Jul,SB0801,All Specialties,155,0
2014,Aug,SB0801,All Specialties,148,0
2014,Sep,SB0801,All Specialties,138,0
2014,Oct,SB0801,All Specialties,144,0
2014,Nov,SB0801,All Specialties,125,0
2014,Dec,SB0801,All Specialties,99,0
2015,Jan,SB0801,All Specialties,130,0
2015,Feb,SB0801,All Specialties,111,0
2015,Mar,SB0801,All Specialties,162,0
2015,Apr,SB0801,All Specialties,135,0
2015,May,SB0801,All Specialties,120,0
2015,Jun,SB0801,All Specialties,151,0
2015,Jul,SB0801,All Specialties,139,0
2015,Aug,SB0801,All Specialties,149,0
2015,Sep,SB0801,All Specialties,149,0
2015,Oct,SB0801,All Specialties,143,0
2015,Nov,SB0801,All Specialties,164,0
2015,Dec,SB0801,All Specialties,135,0
2016,Jan,SB0801,All Specialties,131,0
2016,Feb,SB0801,All Specialties,121,0
2016,Mar,SB0801,All Specialties,129,0
2016,Apr,SB0801,All Specialties,106,0
2016,May,SB0801,All Specialties,129,0
2016,Jun,SB0801,All Specialties,126,0
2016,Jul,SB0801,All Specialties,121,0
2016,Aug,SB0801,All Specialties,148,0
2016,Sep,SB0801,All Specialties,118,0
2016,Oct,SB0801,All Specialties,135,0
2016,Nov,SB0801,All Specialties,155,0
2016,Dec,SB0801,All Specialties,121,0
2017,Jan,SB0801,All Specialties,140,0
2017,Feb,SB0801,All Specialties,122,0
2017,Mar,SB0801,All Specialties,136,0
2017,Apr,SB0801,All Specialties,108,0
2017,May,SB0801,All Specialties,136,0
2017,Jun,SB0801,All Specialties,133,0
2017,Jul,SB0801,All Specialties,125,0
2017,Aug,SB0801,All Specialties,143,0
2017,Sep,SB0801,All Specialties,96,0
2017,Oct,SB0801,All Specialties,151,0
2017,Nov,SB0801,All Specialties,203,0
2017,Dec,SB0801,All Specialties,122,2
2018,Jan,SB0801,All Specialties,153,2
2018,Feb,SB0801,All Specialties,190,1
2018,Mar,SB0801,All Specialties,191,2
2018,Apr,SB0801,All Specialties,158,0
2018,May,SB0801,All Specialties,162,2
2018,Jun,SB0801,All Specialties,160,6
2018,Jul,SB0801,All Specialties,203,3
2018,Aug,SB0801,All Specialties,248,6
2018,Sep,SB0801,All Specialties,185,9
2018,Oct,SB0801,All Specialties,160,16
2018,Nov,SB0801,All Specialties,151,20
2018,Dec,SB0801,All Specialties,97,20
2019,Jan,SB0801,All Specialties,142,22
2019,Feb,SB0801,All Specialties,135,18
2019,Mar,SB0801,All Specialties,134,34
2019,Apr,SB0801,All Specialties,157,24
2019,May,SB0801,All Specialties,145,22
2019,Jun,SB0801,All Specialties,156,13
2019,Jul,SB0801,All Specialties,141,15
2019,Aug,SB0801,All Specialties,136,20
2019,Sep,SB0801,All Specialties,152,13
2019,Oct,SB0801,All Specialties,161,22
2019,Nov,SB0801,All Specialties,134,9
2019,Dec,SB0801,All Specialties,122,6
2020,Jan,SB0801,All Specialties,138,17
2020,Feb,SB0801,All Specialties,147,18
2020,Mar,SB0801,All Specialties,129,17
2020,Apr,SB0801,All Specialties,94,7
2020,May,SB0801,All Specialties,89,13
2020,Jun,SB0801,All Specialties,83,12
2020,Jul,SB0801,All Specialties,98,34
2020,Aug,SB0801,All Specialties,104,22
2020,Sep,SB0801,All Specialties,96,23
2020,Oct,SB0801,All Specialties,104,27
2020,Nov,SB0801,All Specialties,129,18
2020,Dec,SB0801,All Specialties,118,16
2021,Jan,SB0801,All Specialties,111,10
2021,Feb,SB0801,All Specialties,112,10
2021,Mar,SB0801,All Specialties,121,15
2021,Apr,SB0801,All Specialties,101,15
2021,May,SB0801,All Specialties,127,11
2021,Jun,SB0801,All Specialties,125,9
2021,Jul,SB0801,All Specialties,102,10
2021,Aug,SB0801,All Specialties,101,11
2021,Sep,SB0801,All Specialties,130,9
2021,Oct,SB0801,All Specialties,115,8
2021,Nov,SB0801,All Specialties,125,15
2021,Dec,SB0801,All Specialties,109,13
2022,Jan,SB0801,All Specialties,117,9
2022,Feb,SB0801,All Specialties,114,9
2022,Mar,SB0801,All Specialties,120,12
